YEAR,MO,DY,ALLSKY_SFC_UVA
2009,1,1,3.17
2009,1,2,3.95
2009,1,3,1.33
2009,1,4,4.9
2009,1,5,3.02
2009,1,6,4.32
2009,1,7,5.15
2009,1,8,4.02
2009,1,9,2.03
2009,1,10,3.52
2009,1,11,5.33
2009,1,12,5.88
2009,1,13,3.38
2009,1,14,5.29
2009,1,15,4.04
2009,1,16,5.48
2009,1,17,5.91
2009,1,18,4.41
2009,1,19,2.97
2009,1,20,4.74
2009,1,21,5.54
2009,1,22,1.98
2009,1,23,3.83
2009,1,24,5.62
2009,1,25,3.09
2009,1,26,5.24
2009,1,27,4.77
2009,1,28,4.48
2009,1,29,4.98
2009,1,30,5.72
2009,1,31,5.04
2009,2,1,1.42
2009,2,2,3.77
2009,2,3,3.5
2009,2,4,3.67
2009,2,5,4.17
2009,2,6,4.09
2009,2,7,6.79
2009,2,8,5.4
2009,2,9,5.2
2009,2,10,7.24
2009,2,11,8.08
2009,2,12,8.35
2009,2,13,8.71
2009,2,14,8.81
2009,2,15,8.55
2009,2,16,8.02
2009,2,17,8.95
2009,2,18,8.98
2009,2,19,9.27
2009,2,20,6.52
2009,2,21,8.24
2009,2,22,9.73
2009,2,23,9.81
2009,2,24,10.18
2009,2,25,9.73
2009,2,26,10.2
2009,2,27,9.98
2009,2,28,4.78
2009,3,1,5.13
2009,3,2,6.32
2009,3,3,4.79
2009,3,4,5.82
2009,3,5,8.1
2009,3,6,9.49
2009,3,7,11.55
2009,3,8,12.04
2009,3,9,12.11
2009,3,10,11.86
2009,3,11,11.12
2009,3,12,12.21
2009,3,13,12.38
2009,3,14,11.58
2009,3,15,11.94
2009,3,16,12.8
2009,3,17,12.88
2009,3,18,13.23
2009,3,19,13.4
2009,3,20,13.02
2009,3,21,13.09
2009,3,22,13.48
2009,3,23,13.44
2009,3,24,13.3
2009,3,25,14.35
2009,3,26,14.46
2009,3,27,13.66
2009,3,28,8.26
2009,3,29,9.34
2009,3,30,7.45
2009,3,31,9.24
2009,4,1,12.37
2009,4,2,13.36
2009,4,3,14.48
2009,4,4,13.88
2009,4,5,14.48
2009,4,6,12.13
2009,4,7,12.34
2009,4,8,15.3
2009,4,9,14.64
2009,4,10,10.11
2009,4,11,13.3
2009,4,12,13.54
2009,4,13,16.68
2009,4,14,7.82
2009,4,15,11.94
2009,4,16,11.05
2009,4,17,11.71
2009,4,18,11.65
2009,4,19,13.65
2009,4,20,15.69
2009,4,21,17.02
2009,4,22,16.91
2009,4,23,17.47
2009,4,24,16.62
2009,4,25,14.95
2009,4,26,10.2
2009,4,27,15.8
2009,4,28,13.8
2009,4,29,17.43
2009,4,30,9.88
2009,5,1,18.02
2009,5,2,18.71
2009,5,3,18.59
2009,5,4,18.28
2009,5,5,18.66
2009,5,6,18.42
2009,5,7,17.14
2009,5,8,14.62
2009,5,9,14.48
2009,5,10,12.62
2009,5,11,15.84
2009,5,12,16.41
2009,5,13,17.46
2009,5,14,17.29
2009,5,15,19.48
2009,5,16,19.23
2009,5,17,18.97
2009,5,18,19.89
2009,5,19,19.84
2009,5,20,17.09
2009,5,21,14.01
2009,5,22,15.75
2009,5,23,6.68
2009,5,24,13.86
2009,5,25,14.82
2009,5,26,17.04
2009,5,27,18.95
2009,5,28,20.4
2009,5,29,20.21
2009,5,30,16.54
2009,5,31,19.42
2009,6,1,20.75
2009,6,2,20.31
2009,6,3,18.33
2009,6,4,13.62
2009,6,5,14.44
2009,6,6,13.92
2009,6,7,15.09
2009,6,8,9.73
2009,6,9,18.84
2009,6,10,19.83
2009,6,11,21.14
2009,6,12,20.91
2009,6,13,18.84
2009,6,14,11.66
2009,6,15,19.16
2009,6,16,8.3
2009,6,17,19.1
2009,6,18,18.05
2009,6,19,18.09
2009,6,20,20.45
2009,6,21,21.01
2009,6,22,18.55
2009,6,23,20.0
2009,6,24,20.66
2009,6,25,20.14
2009,6,26,18.12
2009,6,27,20.33
2009,6,28,16.95
2009,6,29,19.59
2009,6,30,19.84
2009,7,1,20.28
2009,7,2,20.1
2009,7,3,20.42
2009,7,4,20.75
2009,7,5,19.13
2009,7,6,19.06
2009,7,7,17.89
2009,7,8,18.66
2009,7,9,18.46
2009,7,10,19.83
2009,7,11,19.87
2009,7,12,20.52
2009,7,13,20.23
2009,7,14,19.44
2009,7,15,20.3
2009,7,16,20.14
2009,7,17,20.04
2009,7,18,20.09
2009,7,19,19.97
2009,7,20,13.74
2009,7,21,17.23
2009,7,22,18.98
2009,7,23,18.67
2009,7,24,19.73
2009,7,25,19.49
2009,7,26,19.45
2009,7,27,18.77
2009,7,28,19.56
2009,7,29,19.5
2009,7,30,19.18
2009,7,31,19.11
2009,8,1,17.45
2009,8,2,17.36
2009,8,3,18.5
2009,8,4,16.79
2009,8,5,17.73
2009,8,6,17.18
2009,8,7,17.02
2009,8,8,15.62
2009,8,9,14.66
2009,8,10,15.18
2009,8,11,16.95
2009,8,12,16.25
2009,8,13,15.5
2009,8,14,16.71
2009,8,15,17.15
2009,8,16,17.55
2009,8,17,16.48
2009,8,18,14.98
2009,8,19,17.05
2009,8,20,16.98
2009,8,21,17.09
2009,8,22,16.73
2009,8,23,16.55
2009,8,24,13.95
2009,8,25,15.12
2009,8,26,16.27
2009,8,27,16.45
2009,8,28,16.02
2009,8,29,15.8
2009,8,30,15.9
2009,8,31,14.63
2009,9,1,13.16
2009,9,2,14.26
2009,9,3,15.45
2009,9,4,15.56
2009,9,5,14.05
2009,9,6,12.49
2009,9,7,13.09
2009,9,8,13.35
2009,9,9,13.39
2009,9,10,13.78
2009,9,11,12.66
2009,9,12,11.91
2009,9,13,10.45
2009,9,14,12.62
2009,9,15,12.91
2009,9,16,9.59
2009,9,17,4.53
2009,9,18,9.23
2009,9,19,11.0
2009,9,20,11.27
2009,9,21,10.77
2009,9,22,12.08
2009,9,23,10.67
2009,9,24,11.88
2009,9,25,12.2
2009,9,26,11.12
2009,9,27,9.86
2009,9,28,10.23
2009,9,29,4.79
2009,9,30,7.98
2009,10,1,7.77
2009,10,2,11.3
2009,10,3,11.48
2009,10,4,11.04
2009,10,5,10.34
2009,10,6,10.69
2009,10,7,7.33
2009,10,8,8.5
2009,10,9,9.49
2009,10,10,10.06
2009,10,11,9.7
2009,10,12,10.66
2009,10,13,9.95
2009,10,14,10.02
2009,10,15,10.37
2009,10,16,10.06
2009,10,17,10.01
2009,10,18,9.68
2009,10,19,7.95
2009,10,20,2.98
2009,10,21,6.33
2009,10,22,8.29
2009,10,23,8.95
2009,10,24,8.38
2009,10,25,6.74
2009,10,26,8.73
2009,10,27,8.41
2009,10,28,7.53
2009,10,29,7.63
2009,10,30,7.92
2009,10,31,7.16
2009,11,1,7.13
2009,11,2,7.25
2009,11,3,7.84
2009,11,4,6.99
2009,11,5,5.63
2009,11,6,5.05
2009,11,7,5.8
2009,11,8,6.34
2009,11,9,6.38
2009,11,10,4.51
2009,11,11,6.57
2009,11,12,6.37
2009,11,13,6.09
2009,11,14,4.62
2009,11,15,4.12
2009,11,16,4.45
2009,11,17,4.67
2009,11,18,5.16
2009,11,19,5.68
2009,11,20,5.83
2009,11,21,4.65
2009,11,22,6.17
2009,11,23,6.04
2009,11,24,6.0
2009,11,25,3.91
2009,11,26,2.15
2009,11,27,4.65
2009,11,28,3.61
2009,11,29,2.13
2009,11,30,4.1
2009,12,1,3.72
2009,12,2,2.51
2009,12,3,4.64
2009,12,4,5.21
2009,12,5,4.46
2009,12,6,2.67
2009,12,7,2.01
2009,12,8,3.29
2009,12,9,3.62
2009,12,10,4.83
2009,12,11,4.98
2009,12,12,4.59
2009,12,13,4.32
2009,12,14,3.77
2009,12,15,4.05
2009,12,16,2.21
2009,12,17,3.57
2009,12,18,2.76
2009,12,19,4.91
2009,12,20,5.04
2009,12,21,1.43
2009,12,22,2.15
2009,12,23,2.97
2009,12,24,3.14
2009,12,25,3.73
2009,12,26,2.77
2009,12,27,3.85
2009,12,28,1.45
2009,12,29,1.55
2009,12,30,3.02
2009,12,31,2.65
2010,1,1,2.59
2010,1,2,2.88
2010,1,3,2.27
2010,1,4,1.27
2010,1,5,3.05
2010,1,6,4.63
2010,1,7,1.29
2010,1,8,5.02
2010,1,9,4.07
2010,1,10,3.29
2010,1,11,5.16
2010,1,12,1.11
2010,1,13,2.52
2010,1,14,3.93
2010,1,15,4.67
2010,1,16,2.83
2010,1,17,2.73
2010,1,18,4.41
2010,1,19,2.79
2010,1,20,5.02
2010,1,21,4.78
2010,1,22,4.47
2010,1,23,4.63
2010,1,24,4.84
2010,1,25,6.09
2010,1,26,6.23
2010,1,27,4.8
2010,1,28,6.76
2010,1,29,6.68
2010,1,30,6.52
2010,1,31,5.01
2010,2,1,7.34
2010,2,2,7.4
2010,2,3,7.21
2010,2,4,3.42
2010,2,5,5.86
2010,2,6,6.42
2010,2,7,5.05
2010,2,8,2.88
2010,2,9,5.35
2010,2,10,6.18
2010,2,11,7.02
2010,2,12,7.72
2010,2,13,7.43
2010,2,14,7.74
2010,2,15,2.99
2010,2,16,3.08
2010,2,17,5.56
2010,2,18,5.08
2010,2,19,6.16
2010,2,20,8.22
2010,2,21,2.97
2010,2,22,6.16
2010,2,23,5.82
2010,2,24,7.4
2010,2,25,3.72
2010,2,26,7.95
2010,2,27,5.0
2010,2,28,10.05
2010,3,1,9.15
2010,3,2,7.58
2010,3,3,6.31
2010,3,4,7.78
2010,3,5,4.42
2010,3,6,4.3
2010,3,7,5.71
2010,3,8,9.89
2010,3,9,11.24
2010,3,10,10.6
2010,3,11,9.93
2010,3,12,5.01
2010,3,13,11.43
2010,3,14,12.01
2010,3,15,12.59
2010,3,16,12.05
2010,3,17,12.66
2010,3,18,7.52
2010,3,19,5.08
2010,3,20,5.41
2010,3,21,6.16
2010,3,22,11.29
2010,3,23,9.34
2010,3,24,9.41
2010,3,25,5.41
2010,3,26,10.92
2010,3,27,13.52
2010,3,28,12.46
2010,3,29,9.17
2010,3,30,10.01
2010,3,31,13.89
2010,4,1,11.19
2010,4,2,14.48
2010,4,3,7.65
2010,4,4,15.36
2010,4,5,13.66
2010,4,6,14.52
2010,4,7,13.18
2010,4,8,16.21
2010,4,9,16.2
2010,4,10,15.98
2010,4,11,15.77
2010,4,12,12.55
2010,4,13,6.42
2010,4,14,6.8
2010,4,15,8.41
2010,4,16,10.78
2010,4,17,9.62
2010,4,18,10.48
2010,4,19,12.73
2010,4,20,13.46
2010,4,21,12.45
2010,4,22,11.38
2010,4,23,13.45
2010,4,24,15.58
2010,4,25,16.38
2010,4,26,16.45
2010,4,27,16.64
2010,4,28,16.52
2010,4,29,14.99
2010,4,30,13.85
2010,5,1,14.36
2010,5,2,14.55
2010,5,3,13.35
2010,5,4,13.61
2010,5,5,16.47
2010,5,6,18.4
2010,5,7,11.01
2010,5,8,11.68
2010,5,9,11.82
2010,5,10,12.93
2010,5,11,13.12
2010,5,12,12.55
2010,5,13,12.59
2010,5,14,15.14
2010,5,15,15.8
2010,5,16,19.58
2010,5,17,19.85
2010,5,18,19.72
2010,5,19,19.64
2010,5,20,19.05
2010,5,21,20.04
2010,5,22,19.6
2010,5,23,18.38
2010,5,24,18.41
2010,5,25,18.74
2010,5,26,18.59
2010,5,27,13.2
2010,5,28,14.47
2010,5,29,19.73
2010,5,30,20.09
2010,5,31,20.1
2010,6,1,17.67
2010,6,2,15.31
2010,6,3,17.36
2010,6,4,20.31
2010,6,5,18.19
2010,6,6,18.78
2010,6,7,19.01
2010,6,8,17.05
2010,6,9,5.41
2010,6,10,14.52
2010,6,11,13.05
2010,6,12,10.52
2010,6,13,16.21
2010,6,14,15.84
2010,6,15,15.6
2010,6,16,10.51
2010,6,17,17.5
2010,6,18,15.85
2010,6,19,18.84
2010,6,20,20.87
2010,6,21,20.52
2010,6,22,21.12
2010,6,23,20.45
2010,6,24,19.34
2010,6,25,16.42
2010,6,26,17.23
2010,6,27,14.98
2010,6,28,18.73
2010,6,29,17.82
2010,6,30,19.48
2010,7,1,16.88
2010,7,2,14.69
2010,7,3,14.05
2010,7,4,19.5
2010,7,5,20.49
2010,7,6,20.48
2010,7,7,19.48
2010,7,8,7.17
2010,7,9,19.88
2010,7,10,19.78
2010,7,11,19.74
2010,7,12,19.8
2010,7,13,20.67
2010,7,14,20.41
2010,7,15,20.72
2010,7,16,20.47
2010,7,17,19.77
2010,7,18,19.66
2010,7,19,19.23
2010,7,20,19.3
2010,7,21,18.3
2010,7,22,17.71
2010,7,23,19.68
2010,7,24,19.58
2010,7,25,19.98
2010,7,26,19.94
2010,7,27,19.77
2010,7,28,19.39
2010,7,29,18.15
2010,7,30,19.55
2010,7,31,19.09
2010,8,1,18.71
2010,8,2,18.62
2010,8,3,18.7
2010,8,4,18.7
2010,8,5,19.07
2010,8,6,18.73
2010,8,7,18.27
2010,8,8,7.88
2010,8,9,14.11
2010,8,10,13.41
2010,8,11,17.66
2010,8,12,17.67
2010,8,13,15.01
2010,8,14,17.92
2010,8,15,17.45
2010,8,16,12.36
2010,8,17,12.17
2010,8,18,15.8
2010,8,19,12.0
2010,8,20,16.98
2010,8,21,17.0
2010,8,22,16.84
2010,8,23,17.48
2010,8,24,17.17
2010,8,25,17.24
2010,8,26,16.6
2010,8,27,16.9
2010,8,28,16.38
2010,8,29,16.59
2010,8,30,16.59
2010,8,31,15.29
2010,9,1,9.49
2010,9,2,11.92
2010,9,3,15.18
2010,9,4,14.38
2010,9,5,13.63
2010,9,6,14.05
2010,9,7,12.16
2010,9,8,14.94
2010,9,9,15.1
2010,9,10,14.59
2010,9,11,14.41
2010,9,12,14.13
2010,9,13,14.3
2010,9,14,14.34
2010,9,15,12.95
2010,9,16,7.12
2010,9,17,9.14
2010,9,18,9.84
2010,9,19,13.15
2010,9,20,5.14
2010,9,21,12.11
2010,9,22,11.17
2010,9,23,7.77
2010,9,24,11.0
2010,9,25,12.82
2010,9,26,13.08
2010,9,27,11.98
2010,9,28,12.6
2010,9,29,12.12
2010,9,30,11.7
2010,10,1,11.98
2010,10,2,12.11
2010,10,3,5.33
2010,10,4,9.81
2010,10,5,11.66
2010,10,6,11.49
2010,10,7,8.08
2010,10,8,8.63
2010,10,9,1.83
2010,10,10,8.38
2010,10,11,6.26
2010,10,12,7.52
2010,10,13,9.35
2010,10,14,10.28
2010,10,15,10.2
2010,10,16,10.16
2010,10,17,10.07
2010,10,18,9.88
2010,10,19,9.88
2010,10,20,9.71
2010,10,21,9.45
2010,10,22,7.88
2010,10,23,8.58
2010,10,24,8.63
2010,10,25,8.82
2010,10,26,8.93
2010,10,27,8.51
2010,10,28,7.43
2010,10,29,6.16
2010,10,30,3.73
2010,10,31,5.52
2010,11,1,6.47
2010,11,2,8.05
2010,11,3,8.01
2010,11,4,7.85
2010,11,5,7.69
2010,11,6,7.1
2010,11,7,4.17
2010,11,8,3.88
2010,11,9,5.43
2010,11,10,5.03
2010,11,11,6.38
2010,11,12,5.77
2010,11,13,3.89
2010,11,14,2.41
2010,11,15,5.2
2010,11,16,6.46
2010,11,17,2.91
2010,11,18,5.34
2010,11,19,4.32
2010,11,20,4.98
2010,11,21,3.72
2010,11,22,4.97
2010,11,23,5.45
2010,11,24,5.93
2010,11,25,5.7
2010,11,26,5.95
2010,11,27,4.29
2010,11,28,5.16
2010,11,29,2.09
2010,11,30,2.64
2010,12,1,3.42
2010,12,2,3.88
2010,12,3,5.0
2010,12,4,5.1
2010,12,5,1.69
2010,12,6,3.6
2010,12,7,2.04
2010,12,8,2.62
2010,12,9,2.91
2010,12,10,4.52
2010,12,11,4.05
2010,12,12,3.88
2010,12,13,3.69
2010,12,14,5.09
2010,12,15,5.01
2010,12,16,5.03
2010,12,17,5.01
2010,12,18,4.22
2010,12,19,3.98
2010,12,20,3.69
2010,12,21,2.21
2010,12,22,2.27
2010,12,23,2.41
2010,12,24,4.57
2010,12,25,4.7
2010,12,26,5.03
2010,12,27,4.65
2010,12,28,3.98
2010,12,29,4.52
2010,12,30,2.49
2010,12,31,2.67
2011,1,1,3.72
2011,1,2,4.34
2011,1,3,4.9
2011,1,4,1.64
2011,1,5,2.17
2011,1,6,2.63
2011,1,7,1.76
2011,1,8,2.03
2011,1,9,3.45
2011,1,10,3.86
2011,1,11,4.4
2011,1,12,5.47
2011,1,13,5.22
2011,1,14,5.7
2011,1,15,5.73
2011,1,16,5.87
2011,1,17,3.43
2011,1,18,4.02
2011,1,19,4.45
2011,1,20,4.28
2011,1,21,6.2
2011,1,22,6.22
2011,1,23,6.23
2011,1,24,6.45
2011,1,25,6.41
2011,1,26,5.89
2011,1,27,2.66
2011,1,28,3.84
2011,1,29,4.18
2011,1,30,3.72
2011,1,31,6.04
2011,2,1,6.59
2011,2,2,7.32
2011,2,3,7.34
2011,2,4,7.48
2011,2,5,7.49
2011,2,6,7.55
2011,2,7,7.65
2011,2,8,7.71
2011,2,9,7.8
2011,2,10,7.54
2011,2,11,7.37
2011,2,12,7.53
2011,2,13,4.57
2011,2,14,7.11
2011,2,15,3.5
2011,2,16,4.3
2011,2,17,6.45
2011,2,18,8.66
2011,2,19,3.27
2011,2,20,8.05
2011,2,21,5.62
2011,2,22,7.12
2011,2,23,9.66
2011,2,24,10.06
2011,2,25,9.97
2011,2,26,8.46
2011,2,27,9.99
2011,2,28,8.66
2011,3,1,7.11
2011,3,2,4.7
2011,3,3,6.05
2011,3,4,4.46
2011,3,5,8.08
2011,3,6,10.61
2011,3,7,10.62
2011,3,8,6.8
2011,3,9,9.79
2011,3,10,11.73
2011,3,11,5.46
2011,3,12,8.05
2011,3,13,7.07
2011,3,14,6.51
2011,3,15,7.02
2011,3,16,4.11
2011,3,17,10.27
2011,3,18,13.15
2011,3,19,13.42
2011,3,20,13.53
2011,3,21,12.26
2011,3,22,9.14
2011,3,23,5.09
2011,3,24,3.32
2011,3,25,7.27
2011,3,26,9.54
2011,3,27,8.59
2011,3,28,9.72
2011,3,29,11.58
2011,3,30,10.7
2011,3,31,14.45
2011,4,1,15.08
2011,4,2,8.99
2011,4,3,5.49
2011,4,4,13.01
2011,4,5,15.21
2011,4,6,11.91
2011,4,7,14.7
2011,4,8,15.27
2011,4,9,15.92
2011,4,10,15.82
2011,4,11,16.21
2011,4,12,16.58
2011,4,13,16.6
2011,4,14,16.42
2011,4,15,16.51
2011,4,16,12.29
2011,4,17,15.99
2011,4,18,15.93
2011,4,19,13.49
2011,4,20,10.02
2011,4,21,11.0
2011,4,22,10.33
2011,4,23,11.73
2011,4,24,13.8
2011,4,25,12.98
2011,4,26,12.73
2011,4,27,17.19
2011,4,28,16.27
2011,4,29,12.3
2011,4,30,9.52
2011,5,1,13.34
2011,5,2,14.22
2011,5,3,14.88
2011,5,4,16.05
2011,5,5,16.93
2011,5,6,12.86
2011,5,7,7.56
2011,5,8,18.28
2011,5,9,18.55
2011,5,10,19.08
2011,5,11,18.19
2011,5,12,12.15
2011,5,13,17.84
2011,5,14,13.84
2011,5,15,20.09
2011,5,16,19.64
2011,5,17,15.04
2011,5,18,15.35
2011,5,19,11.99
2011,5,20,18.04
2011,5,21,17.62
2011,5,22,16.3
2011,5,23,17.88
2011,5,24,18.91
2011,5,25,19.4
2011,5,26,15.22
2011,5,27,9.95
2011,5,28,18.73
2011,5,29,17.27
2011,5,30,13.97
2011,5,31,15.18
2011,6,1,20.32
2011,6,2,16.02
2011,6,3,16.98
2011,6,4,15.26
2011,6,5,17.12
2011,6,6,10.44
2011,6,7,10.59
2011,6,8,17.52
2011,6,9,15.27
2011,6,10,16.74
2011,6,11,18.17
2011,6,12,20.43
2011,6,13,20.58
2011,6,14,20.02
2011,6,15,20.27
2011,6,16,18.12
2011,6,17,19.3
2011,6,18,20.12
2011,6,19,20.68
2011,6,20,20.61
2011,6,21,20.19
2011,6,22,20.51
2011,6,23,20.59
2011,6,24,20.6
2011,6,25,20.05
2011,6,26,19.83
2011,6,27,19.21
2011,6,28,20.1
2011,6,29,19.25
2011,6,30,20.43
2011,7,1,18.95
2011,7,2,19.2
2011,7,3,17.62
2011,7,4,18.3
2011,7,5,20.34
2011,7,6,20.82
2011,7,7,20.76
2011,7,8,20.36
2011,7,9,20.39
2011,7,10,20.61
2011,7,11,20.39
2011,7,12,18.66
2011,7,13,17.73
2011,7,14,20.16
2011,7,15,19.95
2011,7,16,20.06
2011,7,17,19.47
2011,7,18,19.42
2011,7,19,19.75
2011,7,20,20.33
2011,7,21,19.99
2011,7,22,18.45
2011,7,23,18.95
2011,7,24,17.67
2011,7,25,17.38
2011,7,26,18.48
2011,7,27,18.13
2011,7,28,18.36
2011,7,29,17.11
2011,7,30,17.38
2011,7,31,18.05
2011,8,1,13.7
2011,8,2,14.08
2011,8,3,17.91
2011,8,4,18.47
2011,8,5,15.32
2011,8,6,17.81
2011,8,7,18.55
2011,8,8,18.93
2011,8,9,18.67
2011,8,10,18.45
2011,8,11,17.37
2011,8,12,12.82
2011,8,13,15.38
2011,8,14,16.11
2011,8,15,17.86
2011,8,16,17.95
2011,8,17,17.46
2011,8,18,13.7
2011,8,19,16.1
2011,8,20,16.53
2011,8,21,14.55
2011,8,22,15.84
2011,8,23,16.91
2011,8,24,16.95
2011,8,25,17.01
2011,8,26,15.05
2011,8,27,16.98
2011,8,28,16.55
2011,8,29,15.87
2011,8,30,16.35
2011,8,31,11.29
2011,9,1,13.45
2011,9,2,12.41
2011,9,3,7.65
2011,9,4,14.72
2011,9,5,15.69
2011,9,6,15.31
2011,9,7,15.12
2011,9,8,14.95
2011,9,9,15.09
2011,9,10,14.78
2011,9,11,11.72
2011,9,12,14.51
2011,9,13,14.23
2011,9,14,13.83
2011,9,15,13.99
2011,9,16,12.65
2011,9,17,12.11
2011,9,18,12.09
2011,9,19,14.03
2011,9,20,13.73
2011,9,21,12.87
2011,9,22,12.76
2011,9,23,10.93
2011,9,24,11.98
2011,9,25,12.33
2011,9,26,12.19
2011,9,27,11.94
2011,9,28,8.23
2011,9,29,11.39
2011,9,30,11.38
2011,10,1,11.33
2011,10,2,11.31
2011,10,3,10.89
2011,10,4,11.46
2011,10,5,11.16
2011,10,6,11.0
2011,10,7,8.47
2011,10,8,11.36
2011,10,9,11.15
2011,10,10,10.92
2011,10,11,10.62
2011,10,12,10.59
2011,10,13,10.36
2011,10,14,10.15
2011,10,15,9.7
2011,10,16,9.42
2011,10,17,8.4
2011,10,18,8.91
2011,10,19,7.71
2011,10,20,9.6
2011,10,21,9.25
2011,10,22,7.84
2011,10,23,5.62
2011,10,24,4.3
2011,10,25,7.22
2011,10,26,4.5
2011,10,27,4.82
2011,10,28,7.91
2011,10,29,8.06
2011,10,30,8.19
2011,10,31,7.66
2011,11,1,5.04
2011,11,2,2.88
2011,11,3,6.42
2011,11,4,3.23
2011,11,5,2.99
2011,11,6,5.88
2011,11,7,3.39
2011,11,8,6.55
2011,11,9,4.66
2011,11,10,4.32
2011,11,11,5.62
2011,11,12,6.6
2011,11,13,3.3
2011,11,14,2.96
2011,11,15,4.01
2011,11,16,5.45
2011,11,17,4.77
2011,11,18,3.91
2011,11,19,3.54
2011,11,20,2.22
2011,11,21,4.2
2011,11,22,2.9
2011,11,23,5.42
2011,11,24,5.74
2011,11,25,5.88
2011,11,26,5.91
2011,11,27,5.79
2011,11,28,5.68
2011,11,29,5.66
2011,11,30,5.52
2011,12,1,5.04
2011,12,2,4.34
2011,12,3,3.9
2011,12,4,5.35
2011,12,5,4.67
2011,12,6,5.18
2011,12,7,4.91
2011,12,8,5.07
2011,12,9,3.92
2011,12,10,2.4
2011,12,11,2.85
2011,12,12,2.66
2011,12,13,3.67
2011,12,14,3.88
2011,12,15,4.3
2011,12,16,2.78
2011,12,17,4.48
2011,12,18,4.8
2011,12,19,4.88
2011,12,20,4.75
2011,12,21,4.93
2011,12,22,5.12
2011,12,23,5.21
2011,12,24,5.22
2011,12,25,5.18
2011,12,26,5.09
2011,12,27,5.12
2011,12,28,5.19
2011,12,29,5.1
2011,12,30,5.24
2011,12,31,4.79
2012,1,1,5.19
2012,1,2,4.41
2012,1,3,5.3
2012,1,4,5.22
2012,1,5,5.36
2012,1,6,4.4
2012,1,7,5.45
2012,1,8,5.55
2012,1,9,5.59
2012,1,10,5.44
2012,1,11,5.2
2012,1,12,5.35
2012,1,13,3.35
2012,1,14,5.41
2012,1,15,2.23
2012,1,16,2.48
2012,1,17,5.78
2012,1,18,5.91
2012,1,19,5.85
2012,1,20,5.98
2012,1,21,6.22
2012,1,22,6.33
2012,1,23,6.2
2012,1,24,6.48
2012,1,25,6.46
2012,1,26,5.62
2012,1,27,3.39
2012,1,28,6.69
2012,1,29,6.17
2012,1,30,7.03
2012,1,31,6.65
2012,2,1,6.35
2012,2,2,6.4
2012,2,3,7.28
2012,2,4,6.45
2012,2,5,4.95
2012,2,6,6.32
2012,2,7,4.43
2012,2,8,5.84
2012,2,9,7.65
2012,2,10,7.19
2012,2,11,8.27
2012,2,12,8.08
2012,2,13,8.05
2012,2,14,5.92
2012,2,15,8.42
2012,2,16,7.14
2012,2,17,9.08
2012,2,18,8.96
2012,2,19,9.16
2012,2,20,9.5
2012,2,21,9.43
2012,2,22,9.62
2012,2,23,9.94
2012,2,24,9.23
2012,2,25,9.19
2012,2,26,9.82
2012,2,27,10.41
2012,2,28,10.06
2012,2,29,10.22
2012,3,1,9.52
2012,3,2,5.88
2012,3,3,8.79
2012,3,4,6.02
2012,3,5,11.48
2012,3,6,11.28
2012,3,7,10.43
2012,3,8,10.67
2012,3,9,12.08
2012,3,10,11.15
2012,3,11,11.85
2012,3,12,12.09
2012,3,13,12.08
2012,3,14,12.63
2012,3,15,11.84
2012,3,16,10.82
2012,3,17,10.67
2012,3,18,11.2
2012,3,19,11.87
2012,3,20,8.23
2012,3,21,5.48
2012,3,22,12.88
2012,3,23,10.77
2012,3,24,13.0
2012,3,25,13.52
2012,3,26,12.39
2012,3,27,13.26
2012,3,28,13.8
2012,3,29,14.03
2012,3,30,14.17
2012,3,31,10.75
2012,4,1,12.59
2012,4,2,11.41
2012,4,3,6.85
2012,4,4,6.09
2012,4,5,7.59
2012,4,6,9.34
2012,4,7,7.59
2012,4,8,16.08
2012,4,9,16.09
2012,4,10,13.05
2012,4,11,14.15
2012,4,12,10.27
2012,4,13,11.4
2012,4,14,10.74
2012,4,15,13.38
2012,4,16,15.73
2012,4,17,14.84
2012,4,18,8.54
2012,4,19,11.34
2012,4,20,10.92
2012,4,21,12.24
2012,4,22,14.89
2012,4,23,13.62
2012,4,24,16.85
2012,4,25,13.02
2012,4,26,10.07
2012,4,27,10.2
2012,4,28,7.41
2012,4,29,11.15
2012,4,30,12.33
2012,5,1,12.89
2012,5,2,14.59
2012,5,3,11.12
2012,5,4,13.6
2012,5,5,12.41
2012,5,6,15.24
2012,5,7,14.29
2012,5,8,10.55
2012,5,9,19.52
2012,5,10,19.23
2012,5,11,17.9
2012,5,12,14.06
2012,5,13,17.05
2012,5,14,19.29
2012,5,15,19.83
2012,5,16,18.23
2012,5,17,12.84
2012,5,18,19.59
2012,5,19,12.74
2012,5,20,12.93
2012,5,21,14.46
2012,5,22,19.52
2012,5,23,20.53
2012,5,24,20.09
2012,5,25,17.94
2012,5,26,19.28
2012,5,27,19.3
2012,5,28,18.73
2012,5,29,18.55
2012,5,30,17.43
2012,5,31,19.07
2012,6,1,19.05
2012,6,2,14.89
2012,6,3,17.24
2012,6,4,20.21
2012,6,5,20.48
2012,6,6,19.59
2012,6,7,17.84
2012,6,8,14.34
2012,6,9,17.43
2012,6,10,15.8
2012,6,11,17.57
2012,6,12,19.46
2012,6,13,18.69
2012,6,14,20.47
2012,6,15,20.99
2012,6,16,21.12
2012,6,17,20.88
2012,6,18,15.49
2012,6,19,9.39
2012,6,20,18.79
2012,6,21,20.57
2012,6,22,20.95
2012,6,23,20.02
2012,6,24,20.68
2012,6,25,19.95
2012,6,26,16.95
2012,6,27,13.26
2012,6,28,19.12
2012,6,29,20.53
2012,6,30,20.6
2012,7,1,19.88
2012,7,2,19.95
2012,7,3,17.42
2012,7,4,19.76
2012,7,5,19.96
2012,7,6,20.34
2012,7,7,20.91
2012,7,8,20.73
2012,7,9,20.7
2012,7,10,20.59
2012,7,11,20.46
2012,7,12,20.28
2012,7,13,20.28
2012,7,14,20.42
2012,7,15,20.13
2012,7,16,19.69
2012,7,17,19.9
2012,7,18,19.56
2012,7,19,18.95
2012,7,20,19.67
2012,7,21,18.07
2012,7,22,17.82
2012,7,23,19.02
2012,7,24,18.86
2012,7,25,16.98
2012,7,26,17.88
2012,7,27,16.66
2012,7,28,16.61
2012,7,29,18.75
2012,7,30,19.1
2012,7,31,19.27
2012,8,1,19.19
2012,8,2,19.12
2012,8,3,18.93
2012,8,4,18.63
2012,8,5,17.35
2012,8,6,18.69
2012,8,7,18.08
2012,8,8,17.46
2012,8,9,17.17
2012,8,10,14.91
2012,8,11,15.91
2012,8,12,17.88
2012,8,13,17.04
2012,8,14,18.1
2012,8,15,11.81
2012,8,16,17.83
2012,8,17,16.94
2012,8,18,15.45
2012,8,19,9.62
2012,8,20,14.55
2012,8,21,16.12
2012,8,22,16.19
2012,8,23,17.13
2012,8,24,16.91
2012,8,25,15.59
2012,8,26,16.53
2012,8,27,16.17
2012,8,28,16.3
2012,8,29,13.94
2012,8,30,15.26
2012,8,31,16.14
2012,9,1,13.95
2012,9,2,15.62
2012,9,3,15.46
2012,9,4,15.2
2012,9,5,14.63
2012,9,6,14.05
2012,9,7,12.64
2012,9,8,12.63
2012,9,9,12.99
2012,9,10,12.64
2012,9,11,13.88
2012,9,12,13.73
2012,9,13,14.14
2012,9,14,14.39
2012,9,15,14.23
2012,9,16,12.69
2012,9,17,9.84
2012,9,18,9.35
2012,9,19,12.72
2012,9,20,9.97
2012,9,21,12.56
2012,9,22,12.72
2012,9,23,9.19
2012,9,24,12.79
2012,9,25,8.83
2012,9,26,10.19
2012,9,27,5.91
2012,9,28,3.31
2012,9,29,6.49
2012,9,30,12.18
2012,10,1,11.98
2012,10,2,10.43
2012,10,3,11.47
2012,10,4,11.39
2012,10,5,11.28
2012,10,6,9.59
2012,10,7,10.21
2012,10,8,10.27
2012,10,9,10.78
2012,10,10,8.81
2012,10,11,9.02
2012,10,12,7.27
2012,10,13,9.8
2012,10,14,7.38
2012,10,15,10.25
2012,10,16,8.93
2012,10,17,9.77
2012,10,18,4.16
2012,10,19,4.83
2012,10,20,6.12
2012,10,21,4.52
2012,10,22,8.87
2012,10,23,9.04
2012,10,24,4.8
2012,10,25,5.06
2012,10,26,6.37
2012,10,27,6.11
2012,10,28,8.69
2012,10,29,8.46
2012,10,30,1.87
2012,10,31,6.91
2012,11,1,7.05
2012,11,2,5.81
2012,11,3,3.56
2012,11,4,2.62
2012,11,5,7.02
2012,11,6,7.35
2012,11,7,3.72
2012,11,8,1.96
2012,11,9,3.77
2012,11,10,4.52
2012,11,11,6.09
2012,11,12,6.77
2012,11,13,6.81
2012,11,14,5.34
2012,11,15,4.14
2012,11,16,4.01
2012,11,17,2.45
2012,11,18,4.57
2012,11,19,6.23
2012,11,20,3.95
2012,11,21,4.23
2012,11,22,5.34
2012,11,23,4.9
2012,11,24,3.91
2012,11,25,3.86
2012,11,26,2.98
2012,11,27,4.02
2012,11,28,4.55
2012,11,29,4.7
2012,11,30,3.67
2012,12,1,5.27
2012,12,2,5.51
2012,12,3,5.39
2012,12,4,4.46
2012,12,5,4.77
2012,12,6,4.27
2012,12,7,3.41
2012,12,8,5.27
2012,12,9,5.33
2012,12,10,4.21
2012,12,11,5.09
2012,12,12,4.28
2012,12,13,3.07
2012,12,14,1.88
2012,12,15,3.94
2012,12,16,2.91
2012,12,17,4.21
2012,12,18,2.9
2012,12,19,2.15
2012,12,20,4.05
2012,12,21,3.44
2012,12,22,2.21
2012,12,23,4.9
2012,12,24,4.73
2012,12,25,2.48
2012,12,26,5.16
2012,12,27,4.35
2012,12,28,5.02
2012,12,29,3.09
2012,12,30,3.12
2012,12,31,2.69
2013,1,1,4.06
2013,1,2,4.85
2013,1,3,5.32
2013,1,4,5.31
2013,1,5,5.29
2013,1,6,5.41
2013,1,7,3.16
2013,1,8,2.78
2013,1,9,2.62
2013,1,10,3.62
2013,1,11,3.33
2013,1,12,4.43
2013,1,13,4.03
2013,1,14,4.86
2013,1,15,5.18
2013,1,16,1.88
2013,1,17,4.48
2013,1,18,2.53
2013,1,19,3.57
2013,1,20,4.48
2013,1,21,5.63
2013,1,22,1.84
2013,1,23,4.85
2013,1,24,5.91
2013,1,25,5.47
2013,1,26,6.4
2013,1,27,2.5
2013,1,28,6.36
2013,1,29,6.52
2013,1,30,6.39
2013,1,31,7.08
2013,2,1,5.54
2013,2,2,6.48
2013,2,3,7.13
2013,2,4,7.21
2013,2,5,7.59
2013,2,6,7.09
2013,2,7,6.85
2013,2,8,5.95
2013,2,9,6.42
2013,2,10,5.12
2013,2,11,6.42
2013,2,12,7.76
2013,2,13,6.4
2013,2,14,8.9
2013,2,15,8.22
2013,2,16,7.16
2013,2,17,5.09
2013,2,18,5.78
2013,2,19,3.42
2013,2,20,6.42
2013,2,21,3.98
2013,2,22,6.02
2013,2,23,8.98
2013,2,24,7.86
2013,2,25,7.52
2013,2,26,7.29
2013,2,27,5.27
2013,2,28,3.99
2013,3,1,8.98
2013,3,2,10.05
2013,3,3,8.42
2013,3,4,4.89
2013,3,5,5.46
2013,3,6,6.62
2013,3,7,4.97
2013,3,8,3.38
2013,3,9,9.89
2013,3,10,8.75
2013,3,11,8.39
2013,3,12,10.12
2013,3,13,9.79
2013,3,14,10.32
2013,3,15,12.82
2013,3,16,5.11
2013,3,17,5.02
2013,3,18,13.0
2013,3,19,8.17
2013,3,20,12.63
2013,3,21,11.73
2013,3,22,6.98
2013,3,23,9.62
2013,3,24,10.71
2013,3,25,5.93
2013,3,26,5.39
2013,3,27,8.79
2013,3,28,10.89
2013,3,29,5.15
2013,3,30,12.43
2013,3,31,9.24
2013,4,1,11.76
2013,4,2,11.76
2013,4,3,8.1
2013,4,4,10.52
2013,4,5,10.32
2013,4,6,10.29
2013,4,7,10.08
2013,4,8,11.94
2013,4,9,11.55
2013,4,10,9.02
2013,4,11,10.21
2013,4,12,15.11
2013,4,13,16.24
2013,4,14,16.05
2013,4,15,15.23
2013,4,16,15.66
2013,4,17,17.12
2013,4,18,16.79
2013,4,19,16.7
2013,4,20,17.53
2013,4,21,17.38
2013,4,22,16.95
2013,4,23,17.66
2013,4,24,15.89
2013,4,25,9.47
2013,4,26,7.02
2013,4,27,13.59
2013,4,28,8.64
2013,4,29,9.95
2013,4,30,10.89
2013,5,1,10.66
2013,5,2,13.39
2013,5,3,17.41
2013,5,4,18.48
2013,5,5,17.15
2013,5,6,16.13
2013,5,7,13.02
2013,5,8,11.41
2013,5,9,14.76
2013,5,10,16.39
2013,5,11,18.68
2013,5,12,18.98
2013,5,13,18.09
2013,5,14,11.25
2013,5,15,8.85
2013,5,16,13.5
2013,5,17,9.55
2013,5,18,13.29
2013,5,19,12.74
2013,5,20,14.86
2013,5,21,16.77
2013,5,22,17.62
2013,5,23,20.3
2013,5,24,20.55
2013,5,25,20.69
2013,5,26,16.28
2013,5,27,16.71
2013,5,28,15.65
2013,5,29,16.81
2013,5,30,18.56
2013,5,31,18.44
2013,6,1,20.67
2013,6,2,20.29
2013,6,3,20.02
2013,6,4,19.77
2013,6,5,16.61
2013,6,6,17.24
2013,6,7,10.28
2013,6,8,13.59
2013,6,9,9.95
2013,6,10,18.05
2013,6,11,19.18
2013,6,12,20.66
2013,6,13,19.8
2013,6,14,20.88
2013,6,15,20.38
2013,6,16,20.97
2013,6,17,13.53
2013,6,18,15.36
2013,6,19,11.63
2013,6,20,18.95
2013,6,21,17.91
2013,6,22,20.84
2013,6,23,19.53
2013,6,24,20.99
2013,6,25,21.08
2013,6,26,19.77
2013,6,27,18.2
2013,6,28,18.56
2013,6,29,20.45
2013,6,30,20.66
2013,7,1,17.15
2013,7,2,17.97
2013,7,3,18.4
2013,7,4,20.63
2013,7,5,20.59
2013,7,6,20.28
2013,7,7,20.28
2013,7,8,20.25
2013,7,9,18.27
2013,7,10,16.82
2013,7,11,18.62
2013,7,12,19.53
2013,7,13,19.74
2013,7,14,18.48
2013,7,15,17.52
2013,7,16,17.09
2013,7,17,16.11
2013,7,18,16.72
2013,7,19,17.76
2013,7,20,17.38
2013,7,21,13.23
2013,7,22,18.05
2013,7,23,18.1
2013,7,24,19.67
2013,7,25,19.59
2013,7,26,19.67
2013,7,27,12.84
2013,7,28,14.98
2013,7,29,19.42
2013,7,30,19.58
2013,7,31,18.98
2013,8,1,18.89
2013,8,2,17.8
2013,8,3,18.73
2013,8,4,18.95
2013,8,5,18.7
2013,8,6,14.23
2013,8,7,14.52
2013,8,8,18.79
2013,8,9,18.63
2013,8,10,18.57
2013,8,11,17.88
2013,8,12,15.71
2013,8,13,17.12
2013,8,14,17.2
2013,8,15,15.04
2013,8,16,14.55
2013,8,17,16.49
2013,8,18,16.78
2013,8,19,16.64
2013,8,20,17.23
2013,8,21,16.66
2013,8,22,15.16
2013,8,23,16.27
2013,8,24,15.65
2013,8,25,16.31
2013,8,26,15.61
2013,8,27,14.77
2013,8,28,11.81
2013,8,29,12.67
2013,8,30,13.47
2013,8,31,15.42
2013,9,1,15.29
2013,9,2,13.81
2013,9,3,14.94
2013,9,4,14.83
2013,9,5,13.66
2013,9,6,11.02
2013,9,7,10.27
2013,9,8,12.56
2013,9,9,14.74
2013,9,10,13.35
2013,9,11,10.23
2013,9,12,14.45
2013,9,13,14.38
2013,9,14,12.68
2013,9,15,13.22
2013,9,16,13.98
2013,9,17,13.44
2013,9,18,13.96
2013,9,19,13.03
2013,9,20,13.31
2013,9,21,12.49
2013,9,22,12.86
2013,9,23,12.16
2013,9,24,12.35
2013,9,25,10.43
2013,9,26,11.88
2013,9,27,7.96
2013,9,28,7.48
2013,9,29,8.27
2013,9,30,6.91
2013,10,1,10.85
2013,10,2,8.6
2013,10,3,6.74
2013,10,4,8.96
2013,10,5,10.57
2013,10,6,11.57
2013,10,7,11.39
2013,10,8,11.06
2013,10,9,10.66
2013,10,10,10.58
2013,10,11,10.73
2013,10,12,9.69
2013,10,13,7.09
2013,10,14,8.99
2013,10,15,7.5
2013,10,16,9.03
2013,10,17,8.47
2013,10,18,9.12
2013,10,19,6.62
2013,10,20,8.23
2013,10,21,7.63
2013,10,22,2.16
2013,10,23,7.2
2013,10,24,3.75
2013,10,25,4.57
2013,10,26,6.6
2013,10,27,8.34
2013,10,28,7.32
2013,10,29,8.38
2013,10,30,8.37
2013,10,31,8.38
2013,11,1,6.65
2013,11,2,7.71
2013,11,3,5.72
2013,11,4,3.91
2013,11,5,6.09
2013,11,6,7.6
2013,11,7,3.9
2013,11,8,2.84
2013,11,9,7.27
2013,11,10,6.55
2013,11,11,7.06
2013,11,12,7.06
2013,11,13,6.01
2013,11,14,6.88
2013,11,15,5.52
2013,11,16,3.23
2013,11,17,2.07
2013,11,18,3.48
2013,11,19,5.19
2013,11,20,4.84
2013,11,21,5.91
2013,11,22,5.71
2013,11,23,5.84
2013,11,24,5.77
2013,11,25,5.99
2013,11,26,5.92
2013,11,27,5.59
2013,11,28,5.0
2013,11,29,5.65
2013,11,30,2.5
2013,12,1,5.59
2013,12,2,5.58
2013,12,3,5.38
2013,12,4,5.48
2013,12,5,5.39
2013,12,6,5.28
2013,12,7,5.35
2013,12,8,5.3
2013,12,9,5.15
2013,12,10,5.11
2013,12,11,5.29
2013,12,12,4.97
2013,12,13,3.02
2013,12,14,5.09
2013,12,15,5.09
2013,12,16,5.07
2013,12,17,2.98
2013,12,18,2.41
2013,12,19,1.92
2013,12,20,4.88
2013,12,21,4.75
2013,12,22,5.03
2013,12,23,4.45
2013,12,24,1.7
2013,12,25,2.81
2013,12,26,4.3
2013,12,27,2.67
2013,12,28,4.79
2013,12,29,5.02
2013,12,30,4.41
2013,12,31,2.77
2014,1,1,1.87
2014,1,2,1.82
2014,1,3,2.54
2014,1,4,1.48
2014,1,5,2.19
2014,1,6,3.57
2014,1,7,3.8
2014,1,8,4.33
2014,1,9,4.44
2014,1,10,4.34
2014,1,11,4.59
2014,1,12,3.15
2014,1,13,4.72
2014,1,14,2.72
2014,1,15,2.18
2014,1,16,4.66
2014,1,17,3.2
2014,1,18,3.73
2014,1,19,3.17
2014,1,20,5.05
2014,1,21,4.91
2014,1,22,4.53
2014,1,23,6.24
2014,1,24,5.98
2014,1,25,5.65
2014,1,26,5.83
2014,1,27,5.95
2014,1,28,3.38
2014,1,29,4.3
2014,1,30,5.94
2014,1,31,4.74
2014,2,1,6.0
2014,2,2,7.21
2014,2,3,3.66
2014,2,4,3.23
2014,2,5,6.07
2014,2,6,4.49
2014,2,7,5.55
2014,2,8,4.0
2014,2,9,2.46
2014,2,10,6.51
2014,2,11,1.8
2014,2,12,4.12
2014,2,13,6.07
2014,2,14,5.26
2014,2,15,3.88
2014,2,16,6.91
2014,2,17,7.79
2014,2,18,4.55
2014,2,19,9.29
2014,2,20,6.45
2014,2,21,8.5
2014,2,22,8.13
2014,2,23,9.74
2014,2,24,5.23
2014,2,25,6.17
2014,2,26,8.87
2014,2,27,4.55
2014,2,28,6.62
2014,3,1,3.89
2014,3,2,7.58
2014,3,3,8.45
2014,3,4,9.48
2014,3,5,11.24
2014,3,6,11.68
2014,3,7,11.67
2014,3,8,12.01
2014,3,9,12.14
2014,3,10,12.14
2014,3,11,11.51
2014,3,12,10.69
2014,3,13,9.22
2014,3,14,10.27
2014,3,15,12.34
2014,3,16,12.78
2014,3,17,12.67
2014,3,18,12.19
2014,3,19,11.06
2014,3,20,11.99
2014,3,21,9.36
2014,3,22,10.68
2014,3,23,12.8
2014,3,24,8.04
2014,3,25,7.06
2014,3,26,10.83
2014,3,27,10.28
2014,3,28,10.73
2014,3,29,4.41
2014,3,30,8.05
2014,3,31,7.84
2014,4,1,9.81
2014,4,2,4.36
2014,4,3,10.88
2014,4,4,14.23
2014,4,5,11.46
2014,4,6,15.09
2014,4,7,15.34
2014,4,8,15.7
2014,4,9,15.15
2014,4,10,13.84
2014,4,11,14.82
2014,4,12,14.16
2014,4,13,16.24
2014,4,14,13.48
2014,4,15,14.41
2014,4,16,16.02
2014,4,17,15.98
2014,4,18,17.26
2014,4,19,13.88
2014,4,20,14.61
2014,4,21,7.35
2014,4,22,13.95
2014,4,23,12.95
2014,4,24,11.11
2014,4,25,17.18
2014,4,26,9.73
2014,4,27,16.62
2014,4,28,17.39
2014,4,29,16.99
2014,4,30,16.09
2014,5,1,17.62
2014,5,2,18.8
2014,5,3,18.0
2014,5,4,18.49
2014,5,5,17.44
2014,5,6,15.97
2014,5,7,12.36
2014,5,8,16.13
2014,5,9,18.05
2014,5,10,16.91
2014,5,11,16.62
2014,5,12,18.97
2014,5,13,19.3
2014,5,14,19.84
2014,5,15,17.89
2014,5,16,19.66
2014,5,17,19.66
2014,5,18,18.15
2014,5,19,13.0
2014,5,20,11.0
2014,5,21,12.23
2014,5,22,11.09
2014,5,23,16.64
2014,5,24,16.66
2014,5,25,16.55
2014,5,26,19.66
2014,5,27,13.8
2014,5,28,12.43
2014,5,29,15.91
2014,5,30,15.57
2014,5,31,16.82
2014,6,1,16.62
2014,6,2,19.76
2014,6,3,19.55
2014,6,4,19.15
2014,6,5,19.09
2014,6,6,15.16
2014,6,7,20.48
2014,6,8,21.01
2014,6,9,19.52
2014,6,10,16.48
2014,6,11,15.1
2014,6,12,18.36
2014,6,13,19.16
2014,6,14,20.42
2014,6,15,20.62
2014,6,16,19.45
2014,6,17,18.87
2014,6,18,20.31
2014,6,19,17.05
2014,6,20,15.65
2014,6,21,19.66
2014,6,22,16.79
2014,6,23,18.28
2014,6,24,8.91
2014,6,25,17.89
2014,6,26,17.48
2014,6,27,20.11
2014,6,28,20.48
2014,6,29,20.98
2014,6,30,20.99
2014,7,1,18.63
2014,7,2,17.59
2014,7,3,11.16
2014,7,4,18.54
2014,7,5,19.66
2014,7,6,16.46
2014,7,7,19.39
2014,7,8,20.58
2014,7,9,20.76
2014,7,10,20.93
2014,7,11,20.85
2014,7,12,20.62
2014,7,13,19.71
2014,7,14,19.76
2014,7,15,19.68
2014,7,16,19.55
2014,7,17,19.5
2014,7,18,16.91
2014,7,19,9.23
2014,7,20,17.01
2014,7,21,19.94
2014,7,22,20.06
2014,7,23,19.66
2014,7,24,18.17
2014,7,25,17.85
2014,7,26,18.34
2014,7,27,17.75
2014,7,28,16.16
2014,7,29,19.48
2014,7,30,19.31
2014,7,31,18.21
2014,8,1,18.11
2014,8,2,16.16
2014,8,3,17.41
2014,8,4,18.53
2014,8,5,18.02
2014,8,6,18.27
2014,8,7,18.43
2014,8,8,17.94
2014,8,9,16.14
2014,8,10,18.38
2014,8,11,17.91
2014,8,12,17.45
2014,8,13,17.59
2014,8,14,16.77
2014,8,15,17.77
2014,8,16,17.54
2014,8,17,17.7
2014,8,18,14.67
2014,8,19,16.8
2014,8,20,16.51
2014,8,21,17.02
2014,8,22,13.49
2014,8,23,16.98
2014,8,24,16.48
2014,8,25,17.02
2014,8,26,16.69
2014,8,27,16.33
2014,8,28,16.48
2014,8,29,15.73
2014,8,30,13.52
2014,8,31,13.88
2014,9,1,14.78
2014,9,2,15.45
2014,9,3,15.34
2014,9,4,15.15
2014,9,5,15.22
2014,9,6,12.64
2014,9,7,12.38
2014,9,8,13.44
2014,9,9,13.04
2014,9,10,14.42
2014,9,11,14.28
2014,9,12,13.11
2014,9,13,12.34
2014,9,14,13.07
2014,9,15,12.54
2014,9,16,11.12
2014,9,17,10.79
2014,9,18,10.1
2014,9,19,8.66
2014,9,20,10.95
2014,9,21,10.8
2014,9,22,10.41
2014,9,23,10.66
2014,9,24,9.2
2014,9,25,12.77
2014,9,26,11.6
2014,9,27,7.82
2014,9,28,5.96
2014,9,29,8.87
2014,9,30,10.64
2014,10,1,10.23
2014,10,2,9.99
2014,10,3,10.14
2014,10,4,9.8
2014,10,5,10.22
2014,10,6,10.26
2014,10,7,7.87
2014,10,8,7.42
2014,10,9,5.66
2014,10,10,7.23
2014,10,11,6.46
2014,10,12,7.43
2014,10,13,6.14
2014,10,14,6.42
2014,10,15,4.81
2014,10,16,7.52
2014,10,17,9.09
2014,10,18,8.88
2014,10,19,8.5
2014,10,20,8.65
2014,10,21,8.94
2014,10,22,8.77
2014,10,23,8.56
2014,10,24,8.55
2014,10,25,8.62
2014,10,26,8.69
2014,10,27,8.59
2014,10,28,8.48
2014,10,29,8.03
2014,10,30,8.22
2014,10,31,8.2
2014,11,1,7.63
2014,11,2,6.45
2014,11,3,4.52
2014,11,4,5.21
2014,11,5,6.8
2014,11,6,7.34
2014,11,7,5.0
2014,11,8,5.45
2014,11,9,5.8
2014,11,10,7.02
2014,11,11,2.88
2014,11,12,5.22
2014,11,13,2.91
2014,11,14,3.73
2014,11,15,4.95
2014,11,16,5.34
2014,11,17,5.41
2014,11,18,5.28
2014,11,19,6.02
2014,11,20,6.33
2014,11,21,4.98
2014,11,22,4.63
2014,11,23,3.41
2014,11,24,5.28
2014,11,25,4.21
2014,11,26,4.16
2014,11,27,2.52
2014,11,28,1.33
2014,11,29,2.91
2014,11,30,4.17
2014,12,1,4.62
2014,12,2,5.04
2014,12,3,3.92
2014,12,4,4.25
2014,12,5,5.03
2014,12,6,4.39
2014,12,7,5.2
2014,12,8,5.17
2014,12,9,4.55
2014,12,10,5.26
2014,12,11,5.15
2014,12,12,5.12
2014,12,13,2.13
2014,12,14,1.57
2014,12,15,4.42
2014,12,16,4.49
2014,12,17,3.8
2014,12,18,5.02
2014,12,19,4.74
2014,12,20,5.09
2014,12,21,5.12
2014,12,22,4.97
2014,12,23,5.0
2014,12,24,4.77
2014,12,25,4.94
2014,12,26,5.07
2014,12,27,3.8
2014,12,28,3.09
2014,12,29,5.03
2014,12,30,5.06
2014,12,31,5.23
2015,1,1,5.27
2015,1,2,4.98
2015,1,3,5.25
2015,1,4,5.28
2015,1,5,5.32
2015,1,6,5.08
2015,1,7,5.3
2015,1,8,5.45
2015,1,9,5.46
2015,1,10,5.56
2015,1,11,5.38
2015,1,12,5.67
2015,1,13,5.6
2015,1,14,3.25
2015,1,15,3.44
2015,1,16,5.17
2015,1,17,5.72
2015,1,18,2.42
2015,1,19,5.69
2015,1,20,4.84
2015,1,21,3.62
2015,1,22,5.27
2015,1,23,6.14
2015,1,24,6.33
2015,1,25,6.56
2015,1,26,5.77
2015,1,27,6.62
2015,1,28,6.91
2015,1,29,5.57
2015,1,30,3.94
2015,1,31,5.43
2015,2,1,6.01
2015,2,2,2.75
2015,2,3,4.84
2015,2,4,4.96
2015,2,5,6.28
2015,2,6,5.59
2015,2,7,3.34
2015,2,8,7.5
2015,2,9,7.74
2015,2,10,5.08
2015,2,11,4.13
2015,2,12,5.93
2015,2,13,6.71
2015,2,14,4.98
2015,2,15,6.81
2015,2,16,7.12
2015,2,17,8.33
2015,2,18,6.43
2015,2,19,9.16
2015,2,20,7.52
2015,2,21,8.27
2015,2,22,9.42
2015,2,23,7.35
2015,2,24,7.91
2015,2,25,8.55
2015,2,26,6.43
2015,2,27,9.98
2015,2,28,8.19
2015,3,1,9.5
2015,3,2,8.45
2015,3,3,7.74
2015,3,4,11.04
2015,3,5,11.34
2015,3,6,11.62
2015,3,7,11.72
2015,3,8,10.95
2015,3,9,10.8
2015,3,10,11.79
2015,3,11,11.92
2015,3,12,11.15
2015,3,13,10.73
2015,3,14,12.37
2015,3,15,7.44
2015,3,16,12.54
2015,3,17,8.54
2015,3,18,4.11
2015,3,19,5.79
2015,3,20,5.85
2015,3,21,6.03
2015,3,22,7.63
2015,3,23,4.0
2015,3,24,8.81
2015,3,25,10.93
2015,3,26,10.02
2015,3,27,13.04
2015,3,28,14.59
2015,3,29,12.88
2015,3,30,14.54
2015,3,31,14.84
2015,4,1,15.13
2015,4,2,14.85
2015,4,3,12.7
2015,4,4,15.77
2015,4,5,16.15
2015,4,6,14.69
2015,4,7,15.41
2015,4,8,14.16
2015,4,9,4.73
2015,4,10,10.51
2015,4,11,12.88
2015,4,12,12.34
2015,4,13,14.56
2015,4,14,11.4
2015,4,15,8.08
2015,4,16,9.19
2015,4,17,12.49
2015,4,18,14.8
2015,4,19,14.73
2015,4,20,16.62
2015,4,21,13.76
2015,4,22,13.44
2015,4,23,16.02
2015,4,24,10.91
2015,4,25,10.16
2015,4,26,9.32
2015,4,27,12.07
2015,4,28,15.3
2015,4,29,15.62
2015,4,30,16.91
2015,5,1,10.91
2015,5,2,14.09
2015,5,3,9.27
2015,5,4,10.84
2015,5,5,17.45
2015,5,6,18.56
2015,5,7,18.52
2015,5,8,16.97
2015,5,9,18.52
2015,5,10,17.64
2015,5,11,17.57
2015,5,12,18.41
2015,5,13,14.08
2015,5,14,15.95
2015,5,15,20.25
2015,5,16,19.57
2015,5,17,19.23
2015,5,18,19.23
2015,5,19,15.02
2015,5,20,19.55
2015,5,21,20.09
2015,5,22,20.01
2015,5,23,19.29
2015,5,24,15.08
2015,5,25,15.39
2015,5,26,20.3
2015,5,27,19.83
2015,5,28,19.43
2015,5,29,13.76
2015,5,30,17.93
2015,5,31,18.72
2015,6,1,17.91
2015,6,2,18.72
2015,6,3,17.49
2015,6,4,20.01
2015,6,5,19.2
2015,6,6,18.55
2015,6,7,18.98
2015,6,8,18.65
2015,6,9,15.11
2015,6,10,12.12
2015,6,11,10.47
2015,6,12,14.77
2015,6,13,14.05
2015,6,14,16.31
2015,6,15,14.06
2015,6,16,17.34
2015,6,17,20.4
2015,6,18,20.69
2015,6,19,20.98
2015,6,20,21.06
2015,6,21,19.98
2015,6,22,18.34
2015,6,23,15.81
2015,6,24,18.29
2015,6,25,19.34
2015,6,26,19.85
2015,6,27,20.33
2015,6,28,20.29
2015,6,29,18.98
2015,6,30,19.7
2015,7,1,19.51
2015,7,2,18.63
2015,7,3,19.64
2015,7,4,18.52
2015,7,5,17.26
2015,7,6,19.07
2015,7,7,19.67
2015,7,8,20.09
2015,7,9,20.14
2015,7,10,20.19
2015,7,11,20.04
2015,7,12,19.74
2015,7,13,19.73
2015,7,14,18.8
2015,7,15,18.69
2015,7,16,17.39
2015,7,17,12.93
2015,7,18,16.23
2015,7,19,19.46
2015,7,20,19.09
2015,7,21,19.52
2015,7,22,16.31
2015,7,23,18.26
2015,7,24,19.38
2015,7,25,19.5
2015,7,26,19.45
2015,7,27,19.75
2015,7,28,19.72
2015,7,29,19.73
2015,7,30,17.3
2015,7,31,13.53
2015,8,1,18.91
2015,8,2,18.36
2015,8,3,14.23
2015,8,4,18.3
2015,8,5,17.2
2015,8,6,17.25
2015,8,7,12.93
2015,8,8,13.02
2015,8,9,18.33
2015,8,10,17.72
2015,8,11,16.62
2015,8,12,13.88
2015,8,13,17.42
2015,8,14,14.64
2015,8,15,13.56
2015,8,16,14.27
2015,8,17,15.33
2015,8,18,15.27
2015,8,19,16.39
2015,8,20,16.16
2015,8,21,12.81
2015,8,22,15.23
2015,8,23,16.39
2015,8,24,16.2
2015,8,25,16.79
2015,8,26,16.31
2015,8,27,15.6
2015,8,28,16.21
2015,8,29,15.34
2015,8,30,14.8
2015,8,31,10.86
2015,9,1,13.07
2015,9,2,12.18
2015,9,3,13.98
2015,9,4,12.5
2015,9,5,13.45
2015,9,6,13.06
2015,9,7,11.25
2015,9,8,14.75
2015,9,9,12.28
2015,9,10,12.02
2015,9,11,14.29
2015,9,12,10.91
2015,9,13,10.95
2015,9,14,13.31
2015,9,15,8.17
2015,9,16,8.16
2015,9,17,12.06
2015,9,18,13.98
2015,9,19,13.81
2015,9,20,13.52
2015,9,21,13.51
2015,9,22,13.45
2015,9,23,10.45
2015,9,24,12.82
2015,9,25,11.62
2015,9,26,9.47
2015,9,27,10.97
2015,9,28,11.4
2015,9,29,10.69
2015,9,30,9.41
2015,10,1,11.55
2015,10,2,11.39
2015,10,3,6.94
2015,10,4,5.55
2015,10,5,5.85
2015,10,6,8.84
2015,10,7,9.71
2015,10,8,10.27
2015,10,9,10.37
2015,10,10,9.3
2015,10,11,6.23
2015,10,12,7.94
2015,10,13,5.03
2015,10,14,9.73
2015,10,15,10.1
2015,10,16,8.62
2015,10,17,7.23
2015,10,18,4.8
2015,10,19,5.82
2015,10,20,6.84
2015,10,21,8.04
2015,10,22,9.38
2015,10,23,7.88
2015,10,24,6.87
2015,10,25,7.48
2015,10,26,3.98
2015,10,27,6.11
2015,10,28,5.86
2015,10,29,4.7
2015,10,30,8.36
2015,10,31,6.04
2015,11,1,5.68
2015,11,2,3.63
2015,11,3,3.25
2015,11,4,3.15
2015,11,5,4.67
2015,11,6,7.53
2015,11,7,7.52
2015,11,8,7.48
2015,11,9,7.35
2015,11,10,7.27
2015,11,11,7.14
2015,11,12,7.03
2015,11,13,6.76
2015,11,14,6.61
2015,11,15,6.72
2015,11,16,6.61
2015,11,17,6.37
2015,11,18,6.3
2015,11,19,6.3
2015,11,20,5.44
2015,11,21,5.02
2015,11,22,4.48
2015,11,23,6.0
2015,11,24,4.67
2015,11,25,4.62
2015,11,26,5.57
2015,11,27,5.67
2015,11,28,5.74
2015,11,29,5.73
2015,11,30,5.66
2015,12,1,5.54
2015,12,2,5.21
2015,12,3,5.44
2015,12,4,4.81
2015,12,5,5.3
2015,12,6,5.17
2015,12,7,2.91
2015,12,8,3.71
2015,12,9,4.91
2015,12,10,4.23
2015,12,11,3.92
2015,12,12,3.53
2015,12,13,4.6
2015,12,14,3.43
2015,12,15,4.03
2015,12,16,4.38
2015,12,17,3.98
2015,12,18,4.68
2015,12,19,4.91
2015,12,20,4.47
2015,12,21,4.95
2015,12,22,4.91
2015,12,23,4.72
2015,12,24,4.4
2015,12,25,5.04
2015,12,26,4.11
2015,12,27,4.19
2015,12,28,2.84
2015,12,29,3.99
2015,12,30,2.79
2015,12,31,2.32
2016,1,1,2.83
2016,1,2,4.63
2016,1,3,1.38
2016,1,4,2.2
2016,1,5,4.36
2016,1,6,3.2
2016,1,7,3.48
2016,1,8,2.15
2016,1,9,4.14
2016,1,10,2.62
2016,1,11,4.2
2016,1,12,4.55
2016,1,13,5.23
2016,1,14,2.1
2016,1,15,4.88
2016,1,16,5.79
2016,1,17,5.48
2016,1,18,3.79
2016,1,19,4.87
2016,1,20,3.95
2016,1,21,3.34
2016,1,22,3.02
2016,1,23,5.05
2016,1,24,6.3
2016,1,25,5.55
2016,1,26,5.8
2016,1,27,2.72
2016,1,28,2.3
2016,1,29,3.32
2016,1,30,5.94
2016,1,31,6.09
2016,2,1,7.02
2016,2,2,5.23
2016,2,3,7.33
2016,2,4,7.66
2016,2,5,6.48
2016,2,6,4.75
2016,2,7,6.94
2016,2,8,5.76
2016,2,9,4.28
2016,2,10,4.02
2016,2,11,5.55
2016,2,12,2.48
2016,2,13,3.48
2016,2,14,5.1
2016,2,15,7.2
2016,2,16,8.23
2016,2,17,7.73
2016,2,18,5.97
2016,2,19,9.16
2016,2,20,9.48
2016,2,21,8.52
2016,2,22,8.18
2016,2,23,9.62
2016,2,24,5.77
2016,2,25,8.05
2016,2,26,4.55
2016,2,27,8.0
2016,2,28,5.39
2016,2,29,9.92
2016,3,1,10.66
2016,3,2,10.36
2016,3,3,11.02
2016,3,4,8.98
2016,3,5,8.35
2016,3,6,8.8
2016,3,7,8.85
2016,3,8,10.5
2016,3,9,7.17
2016,3,10,8.67
2016,3,11,12.02
2016,3,12,12.16
2016,3,13,12.02
2016,3,14,11.63
2016,3,15,10.86
2016,3,16,12.28
2016,3,17,11.1
2016,3,18,9.01
2016,3,19,7.75
2016,3,20,8.58
2016,3,21,8.89
2016,3,22,9.44
2016,3,23,12.59
2016,3,24,13.7
2016,3,25,8.97
2016,3,26,12.18
2016,3,27,14.37
2016,3,28,8.02
2016,3,29,11.41
2016,3,30,13.86
2016,3,31,11.27
2016,4,1,14.56
2016,4,2,14.64
2016,4,3,8.2
2016,4,4,4.06
2016,4,5,12.51
2016,4,6,15.96
2016,4,7,15.58
2016,4,8,15.45
2016,4,9,14.99
2016,4,10,9.85
2016,4,11,9.73
2016,4,12,8.34
2016,4,13,13.27
2016,4,14,13.04
2016,4,15,14.1
2016,4,16,8.26
2016,4,17,14.95
2016,4,18,16.59
2016,4,19,3.95
2016,4,20,6.6
2016,4,21,12.74
2016,4,22,10.34
2016,4,23,12.6
2016,4,24,16.11
2016,4,25,17.52
2016,4,26,17.35
2016,4,27,13.3
2016,4,28,11.91
2016,4,29,11.49
2016,4,30,18.13
2016,5,1,18.7
2016,5,2,18.66
2016,5,3,18.8
2016,5,4,18.03
2016,5,5,8.74
2016,5,6,9.41
2016,5,7,10.45
2016,5,8,6.55
2016,5,9,8.0
2016,5,10,8.52
2016,5,11,13.88
2016,5,12,13.03
2016,5,13,11.86
2016,5,14,13.01
2016,5,15,14.95
2016,5,16,19.48
2016,5,17,16.8
2016,5,18,17.61
2016,5,19,19.79
2016,5,20,19.86
2016,5,21,17.88
2016,5,22,18.3
2016,5,23,15.83
2016,5,24,16.57
2016,5,25,13.02
2016,5,26,14.52
2016,5,27,18.84
2016,5,28,12.52
2016,5,29,13.69
2016,5,30,16.41
2016,5,31,18.27
2016,6,1,20.46
2016,6,2,20.17
2016,6,3,17.71
2016,6,4,17.15
2016,6,5,17.8
2016,6,6,18.37
2016,6,7,20.23
2016,6,8,20.51
2016,6,9,18.3
2016,6,10,16.75
2016,6,11,18.7
2016,6,12,19.21
2016,6,13,20.63
2016,6,14,19.15
2016,6,15,15.68
2016,6,16,13.95
2016,6,17,16.13
2016,6,18,19.43
2016,6,19,20.48
2016,6,20,21.16
2016,6,21,21.02
2016,6,22,21.27
2016,6,23,20.51
2016,6,24,19.43
2016,6,25,19.54
2016,6,26,18.97
2016,6,27,19.38
2016,6,28,17.5
2016,6,29,17.15
2016,6,30,19.76
2016,7,1,20.03
2016,7,2,20.47
2016,7,3,20.07
2016,7,4,17.81
2016,7,5,18.59
2016,7,6,18.42
2016,7,7,10.8
2016,7,8,18.71
2016,7,9,20.02
2016,7,10,18.74
2016,7,11,19.93
2016,7,12,20.11
2016,7,13,20.44
2016,7,14,20.39
2016,7,15,20.52
2016,7,16,20.06
2016,7,17,19.67
2016,7,18,19.85
2016,7,19,18.42
2016,7,20,10.46
2016,7,21,18.2
2016,7,22,17.95
2016,7,23,19.66
2016,7,24,19.65
2016,7,25,19.53
2016,7,26,18.75
2016,7,27,17.28
2016,7,28,17.4
2016,7,29,18.31
2016,7,30,19.0
2016,7,31,19.09
2016,8,1,18.77
2016,8,2,18.73
2016,8,3,18.28
2016,8,4,17.97
2016,8,5,18.66
2016,8,6,18.83
2016,8,7,18.81
2016,8,8,18.52
2016,8,9,14.02
2016,8,10,16.67
2016,8,11,17.85
2016,8,12,17.66
2016,8,13,17.38
2016,8,14,17.75
2016,8,15,16.52
2016,8,16,15.09
2016,8,17,14.49
2016,8,18,17.31
2016,8,19,17.34
2016,8,20,16.55
2016,8,21,16.48
2016,8,22,17.08
2016,8,23,17.01
2016,8,24,17.02
2016,8,25,16.05
2016,8,26,14.33
2016,8,27,15.79
2016,8,28,15.45
2016,8,29,15.77
2016,8,30,15.39
2016,8,31,14.77
2016,9,1,14.08
2016,9,2,14.77
2016,9,3,13.8
2016,9,4,13.96
2016,9,5,14.14
2016,9,6,14.76
2016,9,7,14.62
2016,9,8,14.71
2016,9,9,14.05
2016,9,10,13.31
2016,9,11,13.41
2016,9,12,13.16
2016,9,13,7.14
2016,9,14,10.76
2016,9,15,9.83
2016,9,16,11.77
2016,9,17,10.71
2016,9,18,13.82
2016,9,19,13.8
2016,9,20,12.84
2016,9,21,13.32
2016,9,22,12.92
2016,9,23,12.06
2016,9,24,11.74
2016,9,25,11.23
2016,9,26,10.48
2016,9,27,12.36
2016,9,28,10.59
2016,9,29,11.98
2016,9,30,11.66
2016,10,1,10.8
2016,10,2,11.4
2016,10,3,11.48
2016,10,4,11.0
2016,10,5,10.23
2016,10,6,10.01
2016,10,7,10.7
2016,10,8,9.9
2016,10,9,10.36
2016,10,10,9.72
2016,10,11,10.11
2016,10,12,3.06
2016,10,13,6.23
2016,10,14,7.74
2016,10,15,10.07
2016,10,16,8.09
2016,10,17,5.38
2016,10,18,6.48
2016,10,19,5.65
2016,10,20,5.8
2016,10,21,6.3
2016,10,22,3.27
2016,10,23,4.63
2016,10,24,3.85
2016,10,25,6.52
2016,10,26,7.7
2016,10,27,8.48
2016,10,28,8.5
2016,10,29,8.38
2016,10,30,8.29
2016,10,31,8.33
2016,11,1,7.25
2016,11,2,7.63
2016,11,3,6.99
2016,11,4,2.77
2016,11,5,2.71
2016,11,6,6.72
2016,11,7,6.47
2016,11,8,7.11
2016,11,9,5.82
2016,11,10,7.21
2016,11,11,7.08
2016,11,12,5.29
2016,11,13,6.84
2016,11,14,6.73
2016,11,15,6.72
2016,11,16,6.05
2016,11,17,6.57
2016,11,18,3.77
2016,11,19,5.8
2016,11,20,1.79
2016,11,21,4.21
2016,11,22,2.07
2016,11,23,2.27
2016,11,24,3.5
2016,11,25,2.5
2016,11,26,1.88
2016,11,27,2.51
2016,11,28,5.07
2016,11,29,3.73
2016,11,30,3.84
2016,12,1,2.2
2016,12,2,4.27
2016,12,3,4.35
2016,12,4,1.36
2016,12,5,2.78
2016,12,6,5.11
2016,12,7,4.72
2016,12,8,4.94
2016,12,9,4.47
2016,12,10,4.39
2016,12,11,5.0
2016,12,12,4.56
2016,12,13,3.66
2016,12,14,2.8
2016,12,15,3.06
2016,12,16,1.93
2016,12,17,3.8
2016,12,18,4.73
2016,12,19,4.7
2016,12,20,3.79
2016,12,21,4.27
2016,12,22,4.52
2016,12,23,4.97
2016,12,24,4.9
2016,12,25,4.71
2016,12,26,4.88
2016,12,27,4.95
2016,12,28,5.08
2016,12,29,5.08
2016,12,30,5.15
2016,12,31,4.13
2017,1,1,3.41
2017,1,2,3.53
2017,1,3,4.35
2017,1,4,4.71
2017,1,5,4.88
2017,1,6,5.47
2017,1,7,5.46
2017,1,8,5.48
2017,1,9,5.49
2017,1,10,3.78
2017,1,11,5.18
2017,1,12,4.59
2017,1,13,5.18
2017,1,14,5.27
2017,1,15,4.63
2017,1,16,5.14
2017,1,17,5.89
2017,1,18,5.85
2017,1,19,5.4
2017,1,20,3.84
2017,1,21,5.62
2017,1,22,5.49
2017,1,23,6.08
2017,1,24,6.36
2017,1,25,6.55
2017,1,26,4.37
2017,1,27,2.62
2017,1,28,5.23
2017,1,29,3.3
2017,1,30,3.08
2017,1,31,5.88
2017,2,1,3.09
2017,2,2,3.59
2017,2,3,3.88
2017,2,4,4.11
2017,2,5,6.66
2017,2,6,6.21
2017,2,7,3.77
2017,2,8,7.69
2017,2,9,7.1
2017,2,10,3.77
2017,2,11,3.23
2017,2,12,2.61
2017,2,13,5.02
2017,2,14,5.96
2017,2,15,8.2
2017,2,16,6.8
2017,2,17,8.89
2017,2,18,7.45
2017,2,19,8.33
2017,2,20,9.32
2017,2,21,9.38
2017,2,22,8.04
2017,2,23,3.23
2017,2,24,7.98
2017,2,25,10.38
2017,2,26,8.58
2017,2,27,8.37
2017,2,28,7.13
2017,3,1,10.59
2017,3,2,10.37
2017,3,3,4.34
2017,3,4,8.66
2017,3,5,4.67
2017,3,6,9.5
2017,3,7,10.34
2017,3,8,11.23
2017,3,9,11.83
2017,3,10,12.27
2017,3,11,11.14
2017,3,12,10.45
2017,3,13,7.79
2017,3,14,10.41
2017,3,15,12.73
2017,3,16,13.11
2017,3,17,12.77
2017,3,18,13.22
2017,3,19,13.03
2017,3,20,12.88
2017,3,21,10.25
2017,3,22,8.82
2017,3,23,7.23
2017,3,24,9.91
2017,3,25,8.16
2017,3,26,8.77
2017,3,27,7.37
2017,3,28,11.78
2017,3,29,14.84
2017,3,30,12.13
2017,3,31,12.73
2017,4,1,14.3
2017,4,2,15.48
2017,4,3,15.34
2017,4,4,15.58
2017,4,5,15.57
2017,4,6,15.18
2017,4,7,15.83
2017,4,8,15.39
2017,4,9,16.23
2017,4,10,16.12
2017,4,11,16.15
2017,4,12,16.52
2017,4,13,15.02
2017,4,14,14.3
2017,4,15,16.06
2017,4,16,15.16
2017,4,17,16.29
2017,4,18,15.96
2017,4,19,15.21
2017,4,20,13.52
2017,4,21,16.36
2017,4,22,13.83
2017,4,23,17.0
2017,4,24,14.96
2017,4,25,11.66
2017,4,26,13.33
2017,4,27,17.51
2017,4,28,16.5
2017,4,29,6.64
2017,4,30,9.3
2017,5,1,18.67
2017,5,2,16.68
2017,5,3,18.24
2017,5,4,12.41
2017,5,5,11.18
2017,5,6,18.55
2017,5,7,19.2
2017,5,8,18.23
2017,5,9,16.34
2017,5,10,14.52
2017,5,11,12.82
2017,5,12,11.17
2017,5,13,14.43
2017,5,14,17.15
2017,5,15,15.37
2017,5,16,16.31
2017,5,17,14.94
2017,5,18,15.7
2017,5,19,19.77
2017,5,20,18.98
2017,5,21,9.7
2017,5,22,19.25
2017,5,23,19.3
2017,5,24,19.97
2017,5,25,18.78
2017,5,26,18.32
2017,5,27,18.34
2017,5,28,12.05
2017,5,29,14.77
2017,5,30,14.52
2017,5,31,16.87
2017,6,1,16.91
2017,6,2,16.49
2017,6,3,17.5
2017,6,4,12.9
2017,6,5,20.55
2017,6,6,20.59
2017,6,7,20.12
2017,6,8,18.76
2017,6,9,17.81
2017,6,10,19.68
2017,6,11,19.62
2017,6,12,19.88
2017,6,13,20.67
2017,6,14,20.61
2017,6,15,19.45
2017,6,16,19.53
2017,6,17,19.75
2017,6,18,20.41
2017,6,19,12.81
2017,6,20,14.63
2017,6,21,18.81
2017,6,22,17.84
2017,6,23,20.84
2017,6,24,19.12
2017,6,25,12.13
2017,6,26,20.02
2017,6,27,18.09
2017,6,28,16.84
2017,6,29,18.58
2017,6,30,16.91
2017,7,1,20.31
2017,7,2,21.18
2017,7,3,21.15
2017,7,4,20.88
2017,7,5,20.36
2017,7,6,4.49
2017,7,7,9.05
2017,7,8,13.49
2017,7,9,19.8
2017,7,10,20.4
2017,7,11,20.44
2017,7,12,20.63
2017,7,13,19.62
2017,7,14,19.73
2017,7,15,20.04
2017,7,16,19.52
2017,7,17,16.94
2017,7,18,16.61
2017,7,19,19.55
2017,7,20,19.53
2017,7,21,19.64
2017,7,22,19.32
2017,7,23,19.36
2017,7,24,19.84
2017,7,25,20.02
2017,7,26,19.16
2017,7,27,19.59
2017,7,28,19.84
2017,7,29,18.12
2017,7,30,18.81
2017,7,31,19.14
2017,8,1,16.25
2017,8,2,18.16
2017,8,3,19.05
2017,8,4,18.81
2017,8,5,17.99
2017,8,6,18.77
2017,8,7,18.42
2017,8,8,18.81
2017,8,9,16.41
2017,8,10,18.67
2017,8,11,17.9
2017,8,12,18.3
2017,8,13,17.19
2017,8,14,17.04
2017,8,15,14.95
2017,8,16,17.17
2017,8,17,17.36
2017,8,18,17.03
2017,8,19,16.37
2017,8,20,17.18
2017,8,21,17.12
2017,8,22,16.08
2017,8,23,14.3
2017,8,24,16.31
2017,8,25,15.29
2017,8,26,9.26
2017,8,27,7.54
2017,8,28,5.24
2017,8,29,12.39
2017,8,30,13.6
2017,8,31,14.57
2017,9,1,14.88
2017,9,2,15.93
2017,9,3,14.05
2017,9,4,15.5
2017,9,5,15.52
2017,9,6,14.27
2017,9,7,12.71
2017,9,8,12.79
2017,9,9,10.11
2017,9,10,14.98
2017,9,11,14.87
2017,9,12,14.17
2017,9,13,14.45
2017,9,14,13.68
2017,9,15,12.26
2017,9,16,12.58
2017,9,17,12.76
2017,9,18,12.45
2017,9,19,13.23
2017,9,20,12.89
2017,9,21,11.69
2017,9,22,10.17
2017,9,23,12.28
2017,9,24,12.26
2017,9,25,12.43
2017,9,26,12.54
2017,9,27,11.37
2017,9,28,11.62
2017,9,29,11.47
2017,9,30,9.27
2017,10,1,9.2
2017,10,2,11.14
2017,10,3,11.53
2017,10,4,11.14
2017,10,5,11.29
2017,10,6,11.48
2017,10,7,11.39
2017,10,8,11.05
2017,10,9,10.98
2017,10,10,10.84
2017,10,11,9.99
2017,10,12,9.6
2017,10,13,10.14
2017,10,14,10.01
2017,10,15,9.52
2017,10,16,9.94
2017,10,17,4.78
2017,10,18,2.97
2017,10,19,8.68
2017,10,20,8.48
2017,10,21,7.09
2017,10,22,8.96
2017,10,23,9.27
2017,10,24,9.09
2017,10,25,8.93
2017,10,26,8.79
2017,10,27,8.62
2017,10,28,8.52
2017,10,29,8.47
2017,10,30,8.26
2017,10,31,7.03
2017,11,1,6.52
2017,11,2,5.16
2017,11,3,5.79
2017,11,4,4.88
2017,11,5,7.23
2017,11,6,7.43
2017,11,7,7.52
2017,11,8,6.89
2017,11,9,6.74
2017,11,10,6.62
2017,11,11,7.19
2017,11,12,7.11
2017,11,13,6.84
2017,11,14,6.88
2017,11,15,6.45
2017,11,16,6.66
2017,11,17,6.33
2017,11,18,6.48
2017,11,19,6.33
2017,11,20,6.23
2017,11,21,6.26
2017,11,22,6.08
2017,11,23,4.81
2017,11,24,3.78
2017,11,25,4.41
2017,11,26,5.89
2017,11,27,5.46
2017,11,28,3.19
2017,11,29,5.12
2017,11,30,5.61
2017,12,1,4.09
2017,12,2,3.74
2017,12,3,5.34
2017,12,4,5.41
2017,12,5,5.38
2017,12,6,5.38
2017,12,7,4.92
2017,12,8,3.55
2017,12,9,3.18
2017,12,10,1.61
2017,12,11,4.3
2017,12,12,4.95
2017,12,13,4.48
2017,12,14,1.95
2017,12,15,2.92
2017,12,16,4.84
2017,12,17,5.03
2017,12,18,4.93
2017,12,19,5.09
2017,12,20,4.75
2017,12,21,5.08
2017,12,22,4.64
2017,12,23,4.99
2017,12,24,4.75
2017,12,25,2.69
2017,12,26,2.66
2017,12,27,4.15
2017,12,28,3.13
2017,12,29,3.88
2017,12,30,4.7
2017,12,31,2.92
2018,1,1,4.62
2018,1,2,3.92
2018,1,3,3.48
2018,1,4,3.7
2018,1,5,2.37
2018,1,6,1.42
2018,1,7,2.61
2018,1,8,5.07
2018,1,9,2.52
2018,1,10,2.15
2018,1,11,4.91
2018,1,12,5.23
2018,1,13,2.29
2018,1,14,3.63
2018,1,15,5.42
2018,1,16,5.52
2018,1,17,5.98
2018,1,18,6.11
2018,1,19,6.11
2018,1,20,4.93
2018,1,21,6.21
2018,1,22,6.39
2018,1,23,6.11
2018,1,24,6.26
2018,1,25,3.15
2018,1,26,5.61
2018,1,27,6.06
2018,1,28,5.55
2018,1,29,6.8
2018,1,30,6.76
2018,1,31,6.88
2018,2,1,4.33
2018,2,2,6.76
2018,2,3,6.75
2018,2,4,1.92
2018,2,5,2.58
2018,2,6,6.29
2018,2,7,5.77
2018,2,8,6.8
2018,2,9,6.36
2018,2,10,7.08
2018,2,11,6.56
2018,2,12,6.42
2018,2,13,5.84
2018,2,14,4.57
2018,2,15,3.78
2018,2,16,7.6
2018,2,17,6.06
2018,2,18,9.2
2018,2,19,7.69
2018,2,20,7.03
2018,2,21,8.68
2018,2,22,9.26
2018,2,23,9.84
2018,2,24,9.82
2018,2,25,9.96
2018,2,26,10.14
2018,2,27,4.59
2018,2,28,2.79
2018,3,1,4.2
2018,3,2,4.34
2018,3,3,7.12
2018,3,4,9.6
2018,3,5,5.54
2018,3,6,6.85
2018,3,7,11.02
2018,3,8,6.7
2018,3,9,3.48
2018,3,10,3.59
2018,3,11,8.66
2018,3,12,9.1
2018,3,13,8.21
2018,3,14,4.2
2018,3,15,9.53
2018,3,16,10.09
2018,3,17,6.87
2018,3,18,10.95
2018,3,19,5.46
2018,3,20,8.65
2018,3,21,13.14
2018,3,22,13.53
2018,3,23,5.92
2018,3,24,9.1
2018,3,25,10.95
2018,3,26,13.35
2018,3,27,14.15
2018,3,28,14.15
2018,3,29,14.27
2018,3,30,13.39
2018,3,31,12.54
2018,4,1,12.72
2018,4,2,12.47
2018,4,3,10.56
2018,4,4,10.27
2018,4,5,13.79
2018,4,6,9.09
2018,4,7,4.19
2018,4,8,10.51
2018,4,9,8.94
2018,4,10,5.34
2018,4,11,6.95
2018,4,12,9.33
2018,4,13,10.49
2018,4,14,12.33
2018,4,15,11.86
2018,4,16,15.05
2018,4,17,16.78
2018,4,18,16.79
2018,4,19,16.99
2018,4,20,14.92
2018,4,21,8.82
2018,4,22,12.16
2018,4,23,11.54
2018,4,24,15.27
2018,4,25,16.79
2018,4,26,17.12
2018,4,27,17.5
2018,4,28,15.13
2018,4,29,11.47
2018,4,30,12.2
2018,5,1,15.81
2018,5,2,15.67
2018,5,3,16.67
2018,5,4,18.05
2018,5,5,16.92
2018,5,6,16.72
2018,5,7,11.45
2018,5,8,14.38
2018,5,9,17.16
2018,5,10,17.8
2018,5,11,15.29
2018,5,12,15.97
2018,5,13,17.74
2018,5,14,15.42
2018,5,15,18.29
2018,5,16,18.38
2018,5,17,16.45
2018,5,18,13.52
2018,5,19,14.32
2018,5,20,14.24
2018,5,21,14.41
2018,5,22,14.63
2018,5,23,15.02
2018,5,24,13.48
2018,5,25,8.58
2018,5,26,15.27
2018,5,27,16.42
2018,5,28,9.82
2018,5,29,11.62
2018,5,30,10.56
2018,5,31,15.5
2018,6,1,16.28
2018,6,2,15.66
2018,6,3,16.09
2018,6,4,14.15
2018,6,5,13.6
2018,6,6,14.45
2018,6,7,15.45
2018,6,8,8.47
2018,6,9,13.61
2018,6,10,11.34
2018,6,11,13.32
2018,6,12,15.48
2018,6,13,19.13
2018,6,14,19.67
2018,6,15,20.44
2018,6,16,20.8
2018,6,17,20.83
2018,6,18,20.25
2018,6,19,20.25
2018,6,20,19.02
2018,6,21,20.36
2018,6,22,19.93
2018,6,23,19.94
2018,6,24,19.63
2018,6,25,19.71
2018,6,26,19.48
2018,6,27,16.86
2018,6,28,16.57
2018,6,29,17.56
2018,6,30,13.84
2018,7,1,18.52
2018,7,2,18.9
2018,7,3,20.77
2018,7,4,20.12
2018,7,5,17.32
2018,7,6,18.8
2018,7,7,18.82
2018,7,8,17.38
2018,7,9,18.38
2018,7,10,18.65
2018,7,11,18.16
2018,7,12,18.27
2018,7,13,18.63
2018,7,14,20.06
2018,7,15,19.68
2018,7,16,18.55
2018,7,17,20.12
2018,7,18,19.69
2018,7,19,20.23
2018,7,20,18.76
2018,7,21,16.8
2018,7,22,18.8
2018,7,23,19.68
2018,7,24,19.84
2018,7,25,19.65
2018,7,26,19.61
2018,7,27,19.02
2018,7,28,19.73
2018,7,29,19.56
2018,7,30,19.25
2018,7,31,19.32
2018,8,1,18.88
2018,8,2,18.47
2018,8,3,17.63
2018,8,4,17.63
2018,8,5,17.91
2018,8,6,15.38
2018,8,7,17.36
2018,8,8,18.06
2018,8,9,17.8
2018,8,10,16.49
2018,8,11,16.4
2018,8,12,15.49
2018,8,13,18.2
2018,8,14,18.12
2018,8,15,17.05
2018,8,16,14.7
2018,8,17,15.41
2018,8,18,16.35
2018,8,19,17.01
2018,8,20,16.77
2018,8,21,15.46
2018,8,22,12.88
2018,8,23,13.77
2018,8,24,15.5
2018,8,25,15.71
2018,8,26,15.45
2018,8,27,15.88
2018,8,28,14.96
2018,8,29,14.88
2018,8,30,13.95
2018,8,31,15.05
2018,9,1,15.01
2018,9,2,13.98
2018,9,3,12.7
2018,9,4,13.9
2018,9,5,13.62
2018,9,6,10.73
2018,9,7,13.33
2018,9,8,6.91
2018,9,9,12.35
2018,9,10,12.62
2018,9,11,13.31
2018,9,12,13.59
2018,9,13,14.08
2018,9,14,12.85
2018,9,15,12.76
2018,9,16,13.09
2018,9,17,13.11
2018,9,18,11.48
2018,9,19,12.62
2018,9,20,12.26
2018,9,21,11.7
2018,9,22,12.48
2018,9,23,12.78
2018,9,24,13.1
2018,9,25,12.79
2018,9,26,8.14
2018,9,27,12.16
2018,9,28,12.5
2018,9,29,11.95
2018,9,30,11.23
2018,10,1,12.25
2018,10,2,11.93
2018,10,3,11.83
2018,10,4,11.59
2018,10,5,11.23
2018,10,6,10.77
2018,10,7,11.41
2018,10,8,9.13
2018,10,9,8.62
2018,10,10,6.52
2018,10,11,5.1
2018,10,12,7.09
2018,10,13,9.22
2018,10,14,6.0
2018,10,15,7.04
2018,10,16,9.69
2018,10,17,9.64
2018,10,18,6.45
2018,10,19,4.28
2018,10,20,6.24
2018,10,21,6.88
2018,10,22,9.15
2018,10,23,8.82
2018,10,24,9.06
2018,10,25,9.08
2018,10,26,4.3
2018,10,27,3.42
2018,10,28,6.67
2018,10,29,6.5
2018,10,30,2.7
2018,10,31,4.95
2018,11,1,7.52
2018,11,2,5.99
2018,11,3,7.66
2018,11,4,7.62
2018,11,5,4.79
2018,11,6,5.7
2018,11,7,4.56
2018,11,8,3.66
2018,11,9,6.66
2018,11,10,2.65
2018,11,11,3.91
2018,11,12,3.7
2018,11,13,6.16
2018,11,14,4.8
2018,11,15,4.73
2018,11,16,3.37
2018,11,17,4.77
2018,11,18,2.3
2018,11,19,4.16
2018,11,20,3.16
2018,11,21,4.05
2018,11,22,3.33
2018,11,23,4.99
2018,11,24,3.72
2018,11,25,3.6
2018,11,26,4.4
2018,11,27,5.41
2018,11,28,5.38
2018,11,29,5.15
2018,11,30,5.02
2018,12,1,4.84
2018,12,2,3.74
2018,12,3,3.09
2018,12,4,5.39
2018,12,5,5.3
2018,12,6,5.38
2018,12,7,4.95
2018,12,8,5.02
2018,12,9,5.24
2018,12,10,5.07
2018,12,11,4.69
2018,12,12,2.83
2018,12,13,2.93
2018,12,14,4.56
2018,12,15,3.31
2018,12,16,2.9
2018,12,17,4.26
2018,12,18,3.54
2018,12,19,3.88
2018,12,20,3.61
2018,12,21,2.03
2018,12,22,2.75
2018,12,23,3.91
2018,12,24,4.58
2018,12,25,4.49
2018,12,26,4.59
2018,12,27,4.69
2018,12,28,4.85
2018,12,29,5.03
2018,12,30,5.2
2018,12,31,5.2
2019,1,1,5.12
2019,1,2,5.08
2019,1,3,5.09
2019,1,4,5.26
2019,1,5,5.31
2019,1,6,5.29
2019,1,7,5.38
2019,1,8,5.43
2019,1,9,5.4
2019,1,10,5.41
2019,1,11,5.58
2019,1,12,5.62
2019,1,13,5.63
2019,1,14,5.83
2019,1,15,5.86
2019,1,16,5.73
2019,1,17,3.26
2019,1,18,4.28
2019,1,19,3.62
2019,1,20,5.12
2019,1,21,5.62
2019,1,22,4.07
2019,1,23,4.71
2019,1,24,4.73
2019,1,25,6.41
2019,1,26,6.47
2019,1,27,6.19
2019,1,28,6.05
2019,1,29,4.64
2019,1,30,6.51
2019,1,31,3.98
2019,2,1,4.59
2019,2,2,5.24
2019,2,3,6.8
2019,2,4,6.83
2019,2,5,7.7
2019,2,6,7.65
2019,2,7,7.62
2019,2,8,7.9
2019,2,9,7.32
2019,2,10,5.32
2019,2,11,8.23
2019,2,12,8.52
2019,2,13,8.73
2019,2,14,8.77
2019,2,15,8.92
2019,2,16,8.96
2019,2,17,8.94
2019,2,18,7.81
2019,2,19,7.93
2019,2,20,8.38
2019,2,21,9.18
2019,2,22,9.6
2019,2,23,8.9
2019,2,24,9.8
2019,2,25,10.07
2019,2,26,10.23
2019,2,27,10.43
2019,2,28,9.35
2019,3,1,10.7
2019,3,2,11.02
2019,3,3,10.95
2019,3,4,8.06
2019,3,5,8.82
2019,3,6,4.61
2019,3,7,10.99
2019,3,8,9.72
2019,3,9,11.49
2019,3,10,12.05
2019,3,11,12.27
2019,3,12,12.2
2019,3,13,12.47
2019,3,14,12.64
2019,3,15,13.06
2019,3,16,12.84
2019,3,17,12.55
2019,3,18,13.31
2019,3,19,11.58
2019,3,20,13.47
2019,3,21,13.3
2019,3,22,13.31
2019,3,23,11.76
2019,3,24,13.7
2019,3,25,13.66
2019,3,26,14.12
2019,3,27,14.51
2019,3,28,14.65
2019,3,29,14.4
2019,3,30,14.36
2019,3,31,7.8
2019,4,1,9.02
2019,4,2,10.38
2019,4,3,12.32
2019,4,4,15.14
2019,4,5,7.28
2019,4,6,9.73
2019,4,7,10.49
2019,4,8,10.74
2019,4,9,9.2
2019,4,10,11.38
2019,4,11,13.53
2019,4,12,15.95
2019,4,13,16.59
2019,4,14,14.36
2019,4,15,10.84
2019,4,16,15.81
2019,4,17,11.8
2019,4,18,5.77
2019,4,19,4.41
2019,4,20,11.2
2019,4,21,7.87
2019,4,22,12.51
2019,4,23,9.21
2019,4,24,6.06
2019,4,25,13.84
2019,4,26,14.9
2019,4,27,17.93
2019,4,28,17.8
2019,4,29,16.5
2019,4,30,16.91
2019,5,1,15.88
2019,5,2,16.79
2019,5,3,16.8
2019,5,4,18.76
2019,5,5,19.16
2019,5,6,17.29
2019,5,7,15.27
2019,5,8,11.55
2019,5,9,15.34
2019,5,10,14.5
2019,5,11,19.45
2019,5,12,19.56
2019,5,13,19.19
2019,5,14,19.55
2019,5,15,18.73
2019,5,16,18.2
2019,5,17,9.9
2019,5,18,16.09
2019,5,19,15.1
2019,5,20,16.4
2019,5,21,14.84
2019,5,22,17.79
2019,5,23,14.43
2019,5,24,17.3
2019,5,25,19.33
2019,5,26,20.41
2019,5,27,19.45
2019,5,28,20.17
2019,5,29,20.68
2019,5,30,20.54
2019,5,31,20.24
2019,6,1,20.54
2019,6,2,18.77
2019,6,3,18.92
2019,6,4,19.55
2019,6,5,17.3
2019,6,6,19.45
2019,6,7,20.52
2019,6,8,17.6
2019,6,9,20.19
2019,6,10,19.26
2019,6,11,15.25
2019,6,12,19.93
2019,6,13,19.22
2019,6,14,20.78
2019,6,15,21.02
2019,6,16,18.3
2019,6,17,20.54
2019,6,18,21.12
2019,6,19,18.74
2019,6,20,15.94
2019,6,21,17.42
2019,6,22,18.29
2019,6,23,18.55
2019,6,24,14.28
2019,6,25,19.48
2019,6,26,19.92
2019,6,27,19.33
2019,6,28,20.25
2019,6,29,20.62
2019,6,30,19.55
2019,7,1,18.04
2019,7,2,19.14
2019,7,3,19.37
2019,7,4,16.19
2019,7,5,20.52
2019,7,6,20.46
2019,7,7,18.62
2019,7,8,17.66
2019,7,9,16.24
2019,7,10,19.8
2019,7,11,20.2
2019,7,12,16.59
2019,7,13,16.5
2019,7,14,17.77
2019,7,15,20.09
2019,7,16,17.94
2019,7,17,16.27
2019,7,18,17.27
2019,7,19,16.59
2019,7,20,18.42
2019,7,21,17.41
2019,7,22,18.08
2019,7,23,16.94
2019,7,24,18.49
2019,7,25,18.16
2019,7,26,17.31
2019,7,27,15.86
2019,7,28,19.04
2019,7,29,19.37
2019,7,30,19.01
2019,7,31,17.83
2019,8,1,18.02
2019,8,2,18.56
2019,8,3,18.71
2019,8,4,18.52
2019,8,5,18.45
2019,8,6,17.52
2019,8,7,8.13
2019,8,8,18.42
2019,8,9,16.7
2019,8,10,17.52
2019,8,11,16.88
2019,8,12,17.78
2019,8,13,17.55
2019,8,14,17.96
2019,8,15,17.11
2019,8,16,17.57
2019,8,17,17.72
2019,8,18,16.55
2019,8,19,14.13
2019,8,20,15.8
2019,8,21,12.05
2019,8,22,16.33
2019,8,23,16.51
2019,8,24,16.04
2019,8,25,14.81
2019,8,26,11.01
2019,8,27,13.3
2019,8,28,15.59
2019,8,29,15.12
2019,8,30,13.59
2019,8,31,14.28
2019,9,1,12.05
2019,9,2,14.8
2019,9,3,15.46
2019,9,4,15.3
2019,9,5,15.54
2019,9,6,15.13
2019,9,7,13.99
2019,9,8,13.81
2019,9,9,13.55
2019,9,10,11.73
2019,9,11,13.8
2019,9,12,12.62
2019,9,13,5.96
2019,9,14,6.38
2019,9,15,6.5
2019,9,16,10.99
2019,9,17,12.93
2019,9,18,12.68
2019,9,19,11.5
2019,9,20,9.36
2019,9,21,6.88
2019,9,22,11.1
2019,9,23,11.19
2019,9,24,11.92
2019,9,25,12.55
2019,9,26,12.67
2019,9,27,12.75
2019,9,28,12.48
2019,9,29,12.5
2019,9,30,12.25
2019,10,1,11.25
2019,10,2,12.11
2019,10,3,11.34
2019,10,4,11.45
2019,10,5,11.57
2019,10,6,10.57
2019,10,7,10.99
2019,10,8,11.11
2019,10,9,10.95
2019,10,10,10.15
2019,10,11,10.15
2019,10,12,7.6
2019,10,13,9.97
2019,10,14,7.39
2019,10,15,9.89
2019,10,16,9.4
2019,10,17,5.5
2019,10,18,6.15
2019,10,19,5.48
2019,10,20,5.58
2019,10,21,8.37
2019,10,22,2.72
2019,10,23,4.34
2019,10,24,8.34
2019,10,25,9.05
2019,10,26,8.91
2019,10,27,8.05
2019,10,28,8.15
2019,10,29,5.92
2019,10,30,5.3
2019,10,31,6.15
2019,11,1,4.46
2019,11,2,5.18
2019,11,3,6.98
2019,11,4,5.53
2019,11,5,5.18
2019,11,6,5.89
2019,11,7,5.49
2019,11,8,6.59
2019,11,9,4.3
2019,11,10,4.84
2019,11,11,4.42
2019,11,12,6.33
2019,11,13,6.5
2019,11,14,5.1
2019,11,15,4.76
2019,11,16,6.01
2019,11,17,3.2
2019,11,18,5.36
2019,11,19,5.68
2019,11,20,3.63
2019,11,21,3.29
2019,11,22,1.73
2019,11,23,4.68
2019,11,24,4.83
2019,11,25,4.81
2019,11,26,2.62
2019,11,27,4.68
2019,11,28,2.61
2019,11,29,2.77
2019,11,30,2.97
2019,12,1,2.74
2019,12,2,4.74
2019,12,3,5.03
2019,12,4,2.87
2019,12,5,4.47
2019,12,6,4.87
2019,12,7,5.12
2019,12,8,1.76
2019,12,9,4.13
2019,12,10,4.38
2019,12,11,3.6
2019,12,12,2.12
2019,12,13,3.66
2019,12,14,3.95
2019,12,15,2.79
2019,12,16,3.16
2019,12,17,2.62
2019,12,18,3.08
2019,12,19,1.38
2019,12,20,2.47
2019,12,21,3.41
2019,12,22,2.82
2019,12,23,4.54
2019,12,24,4.52
2019,12,25,4.98
2019,12,26,4.75
2019,12,27,4.79
2019,12,28,4.85
2019,12,29,4.99
2019,12,30,5.06
2019,12,31,5.12
2020,1,1,4.95
2020,1,2,4.98
2020,1,3,3.6
2020,1,4,5.01
2020,1,5,5.29
2020,1,6,4.97
2020,1,7,5.26
2020,1,8,5.34
2020,1,9,5.31
2020,1,10,5.25
2020,1,11,5.56
2020,1,12,5.54
2020,1,13,4.86
2020,1,14,5.4
2020,1,15,2.52
2020,1,16,3.48
2020,1,17,4.38
2020,1,18,2.27
2020,1,19,3.91
2020,1,20,3.16
2020,1,21,2.07
2020,1,22,3.94
2020,1,23,4.52
2020,1,24,2.73
2020,1,25,2.91
2020,1,26,5.27
2020,1,27,3.38
2020,1,28,3.42
2020,1,29,4.52
2020,1,30,3.71
2020,1,31,4.86
2020,2,1,5.41
2020,2,2,3.97
2020,2,3,6.59
2020,2,4,7.27
2020,2,5,7.7
2020,2,6,6.77
2020,2,7,6.76
2020,2,8,3.53
2020,2,9,4.2
2020,2,10,6.3
2020,2,11,5.22
2020,2,12,4.48
2020,2,13,4.84
2020,2,14,7.04
2020,2,15,8.34
2020,2,16,8.52
2020,2,17,4.21
2020,2,18,7.05
2020,2,19,9.3
2020,2,20,9.61
2020,2,21,9.66
2020,2,22,9.66
2020,2,23,9.88
2020,2,24,9.95
2020,2,25,7.71
2020,2,26,10.12
2020,2,27,9.09
2020,2,28,9.17
2020,2,29,5.87
2020,3,1,5.81
2020,3,2,7.85
2020,3,3,6.63
2020,3,4,8.27
2020,3,5,7.16
2020,3,6,8.12
2020,3,7,9.5
2020,3,8,8.88
2020,3,9,11.11
2020,3,10,10.71
2020,3,11,11.96
2020,3,12,9.8
2020,3,13,10.86
2020,3,14,12.41
2020,3,15,9.88
2020,3,16,6.11
2020,3,17,6.79
2020,3,18,7.55
2020,3,19,9.67
2020,3,20,4.24
2020,3,21,3.8
2020,3,22,7.55
2020,3,23,8.62
2020,3,24,8.87
2020,3,25,12.73
2020,3,26,13.77
2020,3,27,10.77
2020,3,28,14.05
2020,3,29,13.25
2020,3,30,6.57
2020,3,31,5.41
2020,4,1,9.18
2020,4,2,11.01
2020,4,3,15.11
2020,4,4,14.62
2020,4,5,12.23
2020,4,6,8.76
2020,4,7,9.28
2020,4,8,13.19
2020,4,9,7.41
2020,4,10,6.55
2020,4,11,10.02
2020,4,12,14.68
2020,4,13,11.26
2020,4,14,9.12
2020,4,15,8.77
2020,4,16,8.32
2020,4,17,11.12
2020,4,18,11.7
2020,4,19,10.31
2020,4,20,13.6
2020,4,21,7.91
2020,4,22,11.82
2020,4,23,9.59
2020,4,24,14.59
2020,4,25,14.3
2020,4,26,12.93
2020,4,27,11.3
2020,4,28,12.73
2020,4,29,15.75
2020,4,30,13.34
2020,5,1,11.88
2020,5,2,16.52
2020,5,3,18.11
2020,5,4,13.45
2020,5,5,16.79
2020,5,6,17.91
2020,5,7,12.5
2020,5,8,17.68
2020,5,9,15.04
2020,5,10,14.6
2020,5,11,14.05
2020,5,12,6.45
2020,5,13,11.22
2020,5,14,8.88
2020,5,15,10.85
2020,5,16,12.93
2020,5,17,18.15
2020,5,18,19.92
2020,5,19,19.83
2020,5,20,20.2
2020,5,21,19.56
2020,5,22,19.5
2020,5,23,18.78
2020,5,24,17.8
2020,5,25,15.97
2020,5,26,14.79
2020,5,27,19.53
2020,5,28,20.04
2020,5,29,19.95
2020,5,30,19.6
2020,5,31,14.44
2020,6,1,18.05
2020,6,2,16.06
2020,6,3,17.91
2020,6,4,14.79
2020,6,5,20.73
2020,6,6,19.0
2020,6,7,15.95
2020,6,8,18.12
2020,6,9,19.13
2020,6,10,17.56
2020,6,11,16.38
2020,6,12,14.36
2020,6,13,16.95
2020,6,14,18.54
2020,6,15,18.44
2020,6,16,16.48
2020,6,17,17.16
2020,6,18,19.53
2020,6,19,19.98
2020,6,20,20.95
2020,6,21,20.62
2020,6,22,20.59
2020,6,23,19.48
2020,6,24,11.1
2020,6,25,18.37
2020,6,26,18.79
2020,6,27,20.42
2020,6,28,20.4
2020,6,29,20.76
2020,6,30,20.11
2020,7,1,20.12
2020,7,2,20.16
2020,7,3,20.91
2020,7,4,21.11
2020,7,5,20.68
2020,7,6,19.86
2020,7,7,19.91
2020,7,8,12.2
2020,7,9,16.52
2020,7,10,18.65
2020,7,11,19.17
2020,7,12,14.32
2020,7,13,19.16
2020,7,14,18.9
2020,7,15,19.94
2020,7,16,20.11
2020,7,17,20.19
2020,7,18,20.11
2020,7,19,19.61
2020,7,20,19.87
2020,7,21,15.41
2020,7,22,18.41
2020,7,23,18.03
2020,7,24,18.8
2020,7,25,19.56
2020,7,26,19.59
2020,7,27,19.08
2020,7,28,16.47
2020,7,29,18.16
2020,7,30,16.84
2020,7,31,19.26
2020,8,1,19.27
2020,8,2,18.03
2020,8,3,18.66
2020,8,4,19.21
2020,8,5,18.92
2020,8,6,17.52
2020,8,7,17.56
2020,8,8,12.46
2020,8,9,17.41
2020,8,10,8.89
2020,8,11,4.91
2020,8,12,16.89
2020,8,13,17.57
2020,8,14,17.39
2020,8,15,18.19
2020,8,16,18.12
2020,8,17,16.58
2020,8,18,13.86
2020,8,19,17.97
2020,8,20,17.12
2020,8,21,17.09
2020,8,22,17.35
2020,8,23,17.23
2020,8,24,16.26
2020,8,25,16.73
2020,8,26,16.57
2020,8,27,16.28
2020,8,28,16.15
2020,8,29,15.12
2020,8,30,15.47
2020,8,31,14.87
2020,9,1,11.66
2020,9,2,15.66
2020,9,3,15.23
2020,9,4,15.41
2020,9,5,14.92
2020,9,6,14.02
2020,9,7,15.07
2020,9,8,14.95
2020,9,9,14.01
2020,9,10,14.03
2020,9,11,14.27
2020,9,12,13.95
2020,9,13,12.13
2020,9,14,9.65
2020,9,15,11.73
2020,9,16,11.02
2020,9,17,8.16
2020,9,18,6.84
2020,9,19,6.84
2020,9,20,8.19
2020,9,21,12.09
2020,9,22,12.27
2020,9,23,9.16
2020,9,24,8.11
2020,9,25,11.94
2020,9,26,11.31
2020,9,27,12.34
2020,9,28,12.23
2020,9,29,11.62
2020,9,30,11.27
2020,10,1,9.7
2020,10,2,6.35
2020,10,3,10.43
2020,10,4,8.64
2020,10,5,10.36
2020,10,6,9.91
2020,10,7,11.08
2020,10,8,8.91
2020,10,9,10.28
2020,10,10,10.16
2020,10,11,10.99
2020,10,12,10.71
2020,10,13,9.3
2020,10,14,9.2
2020,10,15,8.72
2020,10,16,10.05
2020,10,17,8.91
2020,10,18,8.53
2020,10,19,9.05
2020,10,20,2.91
2020,10,21,5.78
2020,10,22,4.48
2020,10,23,6.53
2020,10,24,7.15
2020,10,25,4.29
2020,10,26,7.8
2020,10,27,8.19
2020,10,28,4.15
2020,10,29,6.09
2020,10,30,8.21
2020,10,31,7.99
2020,11,1,7.53
2020,11,2,7.12
2020,11,3,2.39
2020,11,4,3.78
2020,11,5,1.96
2020,11,6,4.42
2020,11,7,4.03
2020,11,8,5.17
2020,11,9,4.8
2020,11,10,6.69
2020,11,11,6.6
2020,11,12,5.31
2020,11,13,6.09
2020,11,14,2.26
2020,11,15,3.06
2020,11,16,5.59
2020,11,17,5.63
2020,11,18,5.03
2020,11,19,6.17
2020,11,20,6.34
2020,11,21,6.27
2020,11,22,5.98
2020,11,23,6.02
2020,11,24,5.27
2020,11,25,3.44
2020,11,26,2.02
2020,11,27,1.75
2020,11,28,3.28
2020,11,29,4.47
2020,11,30,4.32
2020,12,1,5.42
2020,12,2,4.83
2020,12,3,5.33
2020,12,4,3.98
2020,12,5,4.28
2020,12,6,3.98
2020,12,7,3.11
2020,12,8,4.05
2020,12,9,4.77
2020,12,10,2.98
2020,12,11,2.59
2020,12,12,4.93
2020,12,13,4.57
2020,12,14,2.76
2020,12,15,3.96
2020,12,16,2.93
2020,12,17,4.02
2020,12,18,2.83
2020,12,19,1.81
2020,12,20,4.41
2020,12,21,2.34
2020,12,22,3.92
2020,12,23,2.58
2020,12,24,2.99
2020,12,25,4.92
2020,12,26,4.97
2020,12,27,3.96
2020,12,28,4.47
2020,12,29,3.58
2020,12,30,4.73
2020,12,31,3.9
2021,1,1,4.38
2021,1,2,3.95
2021,1,3,4.7
2021,1,4,4.37
2021,1,5,5.14
2021,1,6,5.12
2021,1,7,1.55
2021,1,8,1.84
2021,1,9,1.3
2021,1,10,4.03
2021,1,11,6.8
2021,1,12,6.94
2021,1,13,6.96
2021,1,14,6.81
2021,1,15,6.73
2021,1,16,6.86
2021,1,17,6.34
2021,1,18,6.88
2021,1,19,6.77
2021,1,20,3.9
2021,1,21,3.73
2021,1,22,4.9
2021,1,23,2.39
2021,1,24,5.88
2021,1,25,3.02
2021,1,26,3.91
2021,1,27,6.36
2021,1,28,4.09
2021,1,29,4.45
2021,1,30,6.47
2021,1,31,4.17
2021,2,1,6.58
2021,2,2,3.83
2021,2,3,3.48
2021,2,4,4.83
2021,2,5,6.8
2021,2,6,4.16
2021,2,7,6.62
2021,2,8,5.41
2021,2,9,2.48
2021,2,10,7.81
2021,2,11,4.66
2021,2,12,6.05
2021,2,13,7.02
2021,2,14,8.42
2021,2,15,6.75
2021,2,16,7.67
2021,2,17,7.56
2021,2,18,7.91
2021,2,19,8.91
2021,2,20,7.4
2021,2,21,3.88
2021,2,22,6.59
2021,2,23,8.76
2021,2,24,7.69
2021,2,25,6.7
2021,2,26,8.43
2021,2,27,9.78
2021,2,28,7.97
2021,3,1,2.56
2021,3,2,5.81
2021,3,3,6.48
2021,3,4,6.5
2021,3,5,8.07
2021,3,6,7.55
2021,3,7,8.23
2021,3,8,6.7
2021,3,9,10.04
2021,3,10,11.89
2021,3,11,11.1
2021,3,12,9.3
2021,3,13,12.27
2021,3,14,11.27
2021,3,15,12.77
2021,3,16,12.86
2021,3,17,13.1
2021,3,18,9.84
2021,3,19,7.3
2021,3,20,13.18
2021,3,21,13.01
2021,3,22,12.85
2021,3,23,13.77
2021,3,24,13.85
2021,3,25,13.84
2021,3,26,12.35
2021,3,27,10.45
2021,3,28,13.29
2021,3,29,11.73
2021,3,30,9.14
2021,3,31,13.34
2021,4,1,11.31
2021,4,2,9.34
2021,4,3,10.68
2021,4,4,15.01
2021,4,5,15.41
2021,4,6,15.61
2021,4,7,15.66
2021,4,8,10.02
2021,4,9,6.11
2021,4,10,10.61
2021,4,11,10.37
2021,4,12,15.98
2021,4,13,7.31
2021,4,14,11.24
2021,4,15,9.36
2021,4,16,14.14
2021,4,17,16.13
2021,4,18,16.74
2021,4,19,12.41
2021,4,20,11.2
2021,4,21,11.15
2021,4,22,11.19
2021,4,23,9.42
2021,4,24,10.59
2021,4,25,4.27
2021,4,26,11.1
2021,4,27,11.35
2021,4,28,10.74
2021,4,29,11.8
2021,4,30,12.56
2021,5,1,12.86
2021,5,2,13.97
2021,5,3,10.34
2021,5,4,18.38
2021,5,5,18.69
2021,5,6,18.81
2021,5,7,18.7
2021,5,8,16.87
2021,5,9,7.88
2021,5,10,15.53
2021,5,11,16.1
2021,5,12,15.25
2021,5,13,12.57
2021,5,14,18.88
2021,5,15,15.34
2021,5,16,14.74
2021,5,17,19.58
2021,5,18,19.13
2021,5,19,20.19
2021,5,20,19.67
2021,5,21,18.16
2021,5,22,14.48
2021,5,23,11.14
2021,5,24,14.29
2021,5,25,18.66
2021,5,26,16.92
2021,5,27,14.88
2021,5,28,14.37
2021,5,29,18.1
2021,5,30,16.61
2021,5,31,16.32
2021,6,1,15.41
2021,6,2,18.67
2021,6,3,17.59
2021,6,4,19.26
2021,6,5,8.98
2021,6,6,19.8
2021,6,7,19.45
2021,6,8,19.81
2021,6,9,20.28
2021,6,10,19.48
2021,6,11,17.43
2021,6,12,19.82
2021,6,13,19.05
2021,6,14,18.43
2021,6,15,16.59
2021,6,16,15.8
2021,6,17,10.16
2021,6,18,13.34
2021,6,19,17.09
2021,6,20,11.88
2021,6,21,16.56
2021,6,22,11.66
2021,6,23,16.72
2021,6,24,19.7
2021,6,25,18.84
2021,6,26,19.36
2021,6,27,19.92
2021,6,28,21.0
2021,6,29,20.66
2021,6,30,21.03
2021,7,1,20.58
2021,7,2,21.04
2021,7,3,19.46
2021,7,4,20.23
2021,7,5,20.86
2021,7,6,7.22
2021,7,7,19.27
2021,7,8,20.55
2021,7,9,20.03
2021,7,10,19.98
2021,7,11,14.08
2021,7,12,20.09
2021,7,13,20.38
2021,7,14,18.88
2021,7,15,20.01
2021,7,16,20.23
2021,7,17,19.8
2021,7,18,20.11
2021,7,19,19.6
2021,7,20,18.69
2021,7,21,18.64
2021,7,22,19.34
2021,7,23,18.17
2021,7,24,18.87
2021,7,25,18.01
2021,7,26,16.89
2021,7,27,17.39
2021,7,28,19.2
2021,7,29,18.83
2021,7,30,19.24
2021,7,31,14.58
2021,8,1,17.11
2021,8,2,17.05
2021,8,3,16.06
2021,8,4,17.61
2021,8,5,18.93
2021,8,6,19.09
2021,8,7,18.09
2021,8,8,18.24
2021,8,9,17.9
2021,8,10,17.48
2021,8,11,15.97
2021,8,12,17.18
2021,8,13,16.93
2021,8,14,14.09
2021,8,15,15.48
2021,8,16,17.66
2021,8,17,17.52
2021,8,18,16.81
2021,8,19,16.6
2021,8,20,17.03
2021,8,21,17.33
2021,8,22,16.31
2021,8,23,14.4
2021,8,24,13.3
2021,8,25,13.73
2021,8,26,12.3
2021,8,27,15.7
2021,8,28,15.44
2021,8,29,15.07
2021,8,30,15.37
2021,8,31,14.45
2021,9,1,8.75
2021,9,2,11.67
2021,9,3,13.67
2021,9,4,14.77
2021,9,5,14.73
2021,9,6,7.91
2021,9,7,11.56
2021,9,8,14.12
2021,9,9,9.94
2021,9,10,12.88
2021,9,11,10.63
2021,9,12,14.05
2021,9,13,6.13
2021,9,14,5.05
2021,9,15,10.11
2021,9,16,10.48
2021,9,17,12.74
2021,9,18,12.87
2021,9,19,13.66
2021,9,20,11.27
2021,9,21,12.9
2021,9,22,9.11
2021,9,23,10.9
2021,9,24,6.63
2021,9,25,10.15
2021,9,26,12.02
2021,9,27,12.31
2021,9,28,10.35
2021,9,29,12.06
2021,9,30,10.81
2021,10,1,9.29
2021,10,2,10.75
2021,10,3,5.38
2021,10,4,11.03
2021,10,5,9.27
2021,10,6,11.22
2021,10,7,11.37
2021,10,8,11.24
2021,10,9,10.97
2021,10,10,9.5
2021,10,11,10.02
2021,10,12,10.57
2021,10,13,10.22
2021,10,14,10.0
2021,10,15,9.93
2021,10,16,6.12
2021,10,17,8.28
2021,10,18,9.16
2021,10,19,9.29
2021,10,20,8.52
2021,10,21,8.47
2021,10,22,9.14
2021,10,23,9.39
2021,10,24,9.12
2021,10,25,8.53
2021,10,26,8.76
2021,10,27,8.58
2021,10,28,8.09
2021,10,29,2.85
2021,10,30,4.81
2021,10,31,4.22
2021,11,1,7.45
2021,11,2,6.0
2021,11,3,6.38
2021,11,4,6.34
2021,11,5,6.7
2021,11,6,7.54
2021,11,7,6.66
2021,11,8,7.43
2021,11,9,7.36
2021,11,10,7.08
2021,11,11,7.0
2021,11,12,6.86
2021,11,13,6.83
2021,11,14,6.78
2021,11,15,6.28
2021,11,16,6.64
2021,11,17,6.53
2021,11,18,5.59
2021,11,19,5.15
2021,11,20,2.38
2021,11,21,4.58
2021,11,22,2.65
2021,11,23,2.45
2021,11,24,4.5
2021,11,25,4.09
2021,11,26,4.73
2021,11,27,3.98
2021,11,28,4.74
2021,11,29,5.01
2021,11,30,5.59
2021,12,1,3.34
2021,12,2,4.91
2021,12,3,5.32
2021,12,4,3.71
2021,12,5,3.99
2021,12,6,4.73
2021,12,7,2.02
2021,12,8,3.74
2021,12,9,2.98
2021,12,10,3.91
2021,12,11,4.82
2021,12,12,5.09
2021,12,13,5.18
2021,12,14,5.19
2021,12,15,4.97
2021,12,16,5.07
2021,12,17,5.02
2021,12,18,3.91
2021,12,19,3.41
2021,12,20,3.41
2021,12,21,3.07
2021,12,22,2.91
2021,12,23,2.55
2021,12,24,2.3
2021,12,25,1.98
2021,12,26,1.77
2021,12,27,4.45
2021,12,28,4.37
2021,12,29,4.39
2021,12,30,5.07
2021,12,31,5.16
2022,1,1,4.98
2022,1,2,4.59
2022,1,3,5.07
2022,1,4,3.41
2022,1,5,4.11
2022,1,6,5.3
2022,1,7,5.05
2022,1,8,4.45
2022,1,9,4.76
2022,1,10,4.35
2022,1,11,5.45
2022,1,12,5.7
2022,1,13,5.12
2022,1,14,5.73
2022,1,15,5.82
2022,1,16,5.73
2022,1,17,5.82
2022,1,18,5.95
2022,1,19,6.11
2022,1,20,6.17
2022,1,21,6.28
2022,1,22,6.11
2022,1,23,5.35
2022,1,24,4.41
2022,1,25,4.55
2022,1,26,6.35
2022,1,27,6.78
2022,1,28,6.86
2022,1,29,7.0
2022,1,30,7.09
2022,1,31,7.21
2022,2,1,7.34
2022,2,2,7.12
2022,2,3,6.42
2022,2,4,5.63
2022,2,5,6.87
2022,2,6,7.7
2022,2,7,8.03
2022,2,8,8.06
2022,2,9,8.1
2022,2,10,7.37
2022,2,11,5.92
2022,2,12,6.84
2022,2,13,6.09
2022,2,14,8.0
2022,2,15,8.9
2022,2,16,7.26
2022,2,17,9.01
2022,2,18,8.95
2022,2,19,5.93
2022,2,20,9.55
2022,2,21,9.69
2022,2,22,9.87
2022,2,23,8.47
2022,2,24,6.82
2022,2,25,3.41
2022,2,26,3.02
2022,2,27,7.19
2022,2,28,10.26
2022,3,1,10.11
2022,3,2,9.37
2022,3,3,3.33
2022,3,4,8.42
2022,3,5,10.03
2022,3,6,8.08
2022,3,7,5.85
2022,3,8,8.35
2022,3,9,7.18
2022,3,10,8.53
2022,3,11,5.74
2022,3,12,10.33
2022,3,13,11.92
2022,3,14,3.05
2022,3,15,4.05
2022,3,16,2.91
2022,3,17,5.41
2022,3,18,7.05
2022,3,19,6.72
2022,3,20,5.59
2022,3,21,6.06
2022,3,22,5.92
2022,3,23,6.78
2022,3,24,3.35
2022,3,25,5.51
2022,3,26,4.8
2022,3,27,7.99
2022,3,28,11.16
2022,3,29,8.9
2022,3,30,4.9
2022,3,31,8.88
2022,4,1,12.69
2022,4,2,12.8
2022,4,3,13.3
2022,4,4,12.45
2022,4,5,10.35
2022,4,6,14.94
2022,4,7,15.18
2022,4,8,11.85
2022,4,9,11.46
2022,4,10,12.06
2022,4,11,13.38
2022,4,12,9.35
2022,4,13,13.17
2022,4,14,14.62
2022,4,15,15.72
2022,4,16,16.57
2022,4,17,14.91
2022,4,18,16.05
2022,4,19,10.7
2022,4,20,9.28
2022,4,21,13.88
2022,4,22,5.57
2022,4,23,10.65
2022,4,24,16.78
2022,4,25,16.88
2022,4,26,14.1
2022,4,27,10.77
2022,4,28,9.39
2022,4,29,15.78
2022,4,30,13.5
2022,5,1,16.47
2022,5,2,10.7
2022,5,3,9.18
2022,5,4,12.48
2022,5,5,18.28
2022,5,6,18.6
2022,5,7,18.79
2022,5,8,18.38
2022,5,9,18.69
2022,5,10,18.93
2022,5,11,17.93
2022,5,12,16.4
2022,5,13,17.67
2022,5,14,14.81
2022,5,15,16.4
2022,5,16,19.2
2022,5,17,19.45
2022,5,18,18.52
2022,5,19,17.78
2022,5,20,15.03
2022,5,21,14.45
2022,5,22,14.28
2022,5,23,17.55
2022,5,24,12.42
2022,5,25,18.8
2022,5,26,20.18
2022,5,27,20.52
2022,5,28,19.4
2022,5,29,17.89
2022,5,30,15.11
2022,5,31,20.35
2022,6,1,20.09
2022,6,2,18.23
2022,6,3,19.34
2022,6,4,19.34
2022,6,5,20.73
2022,6,6,17.91
2022,6,7,20.46
2022,6,8,15.56
2022,6,9,21.27
2022,6,10,21.06
2022,6,11,18.58
2022,6,12,16.04
2022,6,13,18.45
2022,6,14,17.37
2022,6,15,15.23
2022,6,16,16.08
2022,6,17,18.62
2022,6,18,17.86
2022,6,19,20.98
2022,6,20,16.99
2022,6,21,17.02
2022,6,22,17.6
2022,6,23,14.16
2022,6,24,19.71
2022,6,25,17.08
2022,6,26,20.62
2022,6,27,18.41
2022,6,28,20.88
2022,6,29,20.45
2022,6,30,19.26
2022,7,1,20.71
2022,7,2,19.05
2022,7,3,18.97
2022,7,4,20.16
2022,7,5,20.1
2022,7,6,16.27
2022,7,7,20.38
2022,7,8,20.53
2022,7,9,20.09
2022,7,10,20.08
2022,7,11,16.2
2022,7,12,18.35
2022,7,13,16.11
2022,7,14,18.48
2022,7,15,19.3
2022,7,16,18.7
2022,7,17,19.15
2022,7,18,19.17
2022,7,19,20.16
2022,7,20,19.23
2022,7,21,19.41
2022,7,22,17.62
2022,7,23,19.61
2022,7,24,19.19
2022,7,25,18.91
2022,7,26,19.23
2022,7,27,18.52
2022,7,28,19.48
2022,7,29,19.08
2022,7,30,18.1
2022,7,31,17.66
2022,8,1,17.9
2022,8,2,15.39
2022,8,3,18.09
2022,8,4,18.67
2022,8,5,18.47
2022,8,6,17.88
2022,8,7,17.73
2022,8,8,17.8
2022,8,9,18.03
2022,8,10,15.79
2022,8,11,17.3
2022,8,12,16.42
2022,8,13,6.48
2022,8,14,17.97
2022,8,15,17.41
2022,8,16,16.71
2022,8,17,15.23
2022,8,18,17.51
2022,8,19,17.65
2022,8,20,17.62
2022,8,21,17.22
2022,8,22,17.52
2022,8,23,16.22
2022,8,24,14.16
2022,8,25,14.23
2022,8,26,13.36
2022,8,27,14.53
2022,8,28,15.64
2022,8,29,14.53
2022,8,30,15.98
2022,8,31,16.49
2022,9,1,15.79
2022,9,2,14.64
2022,9,3,14.84
2022,9,4,15.43
2022,9,5,15.58
2022,9,6,15.13
2022,9,7,12.73
2022,9,8,10.63
2022,9,9,14.2
2022,9,10,14.77
2022,9,11,14.38
2022,9,12,8.18
2022,9,13,8.61
2022,9,14,10.56
2022,9,15,9.88
2022,9,16,12.18
2022,9,17,12.99
2022,9,18,11.09
2022,9,19,10.02
2022,9,20,13.11
2022,9,21,12.42
2022,9,22,11.88
2022,9,23,11.55
2022,9,24,11.0
2022,9,25,10.2
2022,9,26,12.13
2022,9,27,12.36
2022,9,28,10.0
2022,9,29,5.47
2022,9,30,10.82
2022,10,1,11.98
2022,10,2,11.87
2022,10,3,9.4
2022,10,4,10.86
2022,10,5,10.67
2022,10,6,10.44
2022,10,7,9.34
2022,10,8,9.55
2022,10,9,9.67
2022,10,10,6.36
2022,10,11,6.91
2022,10,12,9.87
2022,10,13,9.7
2022,10,14,10.05
2022,10,15,9.8
2022,10,16,7.92
2022,10,17,7.41
2022,10,18,7.72
2022,10,19,4.52
2022,10,20,2.97
2022,10,21,4.06
2022,10,22,6.14
2022,10,23,5.16
2022,10,24,6.07
2022,10,25,6.91
2022,10,26,6.54
2022,10,27,4.95
2022,10,28,5.89
2022,10,29,6.99
2022,10,30,4.36
2022,10,31,3.17
2022,11,1,6.7
2022,11,2,7.33
2022,11,3,5.38
2022,11,4,7.35
2022,11,5,7.82
2022,11,6,7.52
2022,11,7,6.91
2022,11,8,3.82
2022,11,9,3.95
2022,11,10,7.1
2022,11,11,4.99
2022,11,12,4.49
2022,11,13,6.12
2022,11,14,3.22
2022,11,15,3.4
2022,11,16,2.32
2022,11,17,3.84
2022,11,18,5.26
2022,11,19,5.17
2022,11,20,5.3
2022,11,21,1.88
2022,11,22,3.17
2022,11,23,3.49
2022,11,24,2.95
2022,11,25,5.57
2022,11,26,5.86
2022,11,27,5.3
2022,11,28,5.68
2022,11,29,5.54
2022,11,30,4.91
2022,12,1,5.48
2022,12,2,4.48
2022,12,3,3.7
2022,12,4,2.91
2022,12,5,1.68
2022,12,6,2.41
2022,12,7,3.23
2022,12,8,1.96
2022,12,9,1.82
2022,12,10,3.75
2022,12,11,2.57
2022,12,12,1.27
2022,12,13,1.51
2022,12,14,2.9
2022,12,15,3.24
2022,12,16,3.46
2022,12,17,3.48
2022,12,18,3.2
2022,12,19,3.49
2022,12,20,1.76
2022,12,21,2.93
2022,12,22,2.96
2022,12,23,2.3
2022,12,24,3.62
2022,12,25,3.77
2022,12,26,5.0
2022,12,27,5.01
2022,12,28,4.98
2022,12,29,2.57
2022,12,30,3.09
2022,12,31,5.1
2023,1,1,3.91
2023,1,2,3.24
2023,1,3,4.83
2023,1,4,5.23
2023,1,5,5.3
2023,1,6,5.16
2023,1,7,2.34
2023,1,8,2.16
2023,1,9,5.16
2023,1,10,5.24
2023,1,11,2.63
2023,1,12,5.42
2023,1,13,5.09
2023,1,14,5.24
2023,1,15,3.18
2023,1,16,2.94
2023,1,17,4.05
2023,1,18,4.92
2023,1,19,4.77
2023,1,20,5.65
2023,1,21,6.06
2023,1,22,6.2
2023,1,23,5.94
2023,1,24,4.48
2023,1,25,6.26
2023,1,26,5.4
2023,1,27,5.1
2023,1,28,6.57
2023,1,29,6.65
2023,1,30,6.97
2023,1,31,7.1
2023,2,1,7.22
2023,2,2,7.27
2023,2,3,7.14
2023,2,4,7.41
2023,2,5,7.47
2023,2,6,7.43
2023,2,7,5.16
2023,2,8,5.81
2023,2,9,5.67
2023,2,10,7.84
2023,2,11,8.27
2023,2,12,7.54
2023,2,13,8.57
2023,2,14,5.94
2023,2,15,7.81
2023,2,16,8.83
2023,2,17,9.08
2023,2,18,6.69
2023,2,19,7.91
2023,2,20,7.38
2023,2,21,6.27
2023,2,22,7.1
2023,2,23,5.17
2023,2,24,9.84
2023,2,25,8.23
2023,2,26,8.96
2023,2,27,7.82
2023,2,28,9.51
2023,3,1,7.87
2023,3,2,10.47
2023,3,3,10.69
2023,3,4,10.89
2023,3,5,5.74
2023,3,6,6.7
2023,3,7,8.65
2023,3,8,7.67
2023,3,9,8.45
2023,3,10,10.88
2023,3,11,9.47
2023,3,12,11.66
2023,3,13,11.7
2023,3,14,11.67
2023,3,15,12.73
2023,3,16,11.51
2023,3,17,11.13
2023,3,18,9.61
2023,3,19,13.36
2023,3,20,12.45
2023,3,21,13.11
2023,3,22,13.19
2023,3,23,13.27
2023,3,24,10.03
2023,3,25,12.8
2023,3,26,14.57
2023,3,27,14.74
2023,3,28,14.31
2023,3,29,14.17
2023,3,30,13.34
2023,3,31,11.68
2023,4,1,12.29
2023,4,2,15.41
2023,4,3,15.06
2023,4,4,15.72
2023,4,5,15.55
2023,4,6,15.73
2023,4,7,15.72
2023,4,8,15.59
2023,4,9,14.73
2023,4,10,14.29
2023,4,11,15.78
2023,4,12,11.41
2023,4,13,15.66
2023,4,14,11.64
2023,4,15,16.18
2023,4,16,17.04
2023,4,17,17.29
2023,4,18,17.17
2023,4,19,16.71
2023,4,20,16.93
2023,4,21,14.82
2023,4,22,16.02
2023,4,23,16.52
2023,4,24,16.59
2023,4,25,16.96
2023,4,26,17.45
2023,4,27,15.98
2023,4,28,13.66
2023,4,29,11.27
2023,4,30,14.65
2023,5,1,18.05
2023,5,2,16.59
2023,5,3,15.67
2023,5,4,18.45
2023,5,5,17.23
2023,5,6,17.76
2023,5,7,17.01
2023,5,8,17.12
2023,5,9,16.07
2023,5,10,18.57
2023,5,11,18.41
2023,5,12,14.74
2023,5,13,16.34
2023,5,14,12.99
2023,5,15,15.38
2023,5,16,18.19
2023,5,17,18.27
2023,5,18,18.27
2023,5,19,15.46
2023,5,20,13.45
2023,5,21,12.83
2023,5,22,12.9
2023,5,23,12.02
2023,5,24,11.96
2023,5,25,14.43
2023,5,26,8.68
2023,5,27,12.81
2023,5,28,9.8
2023,5,29,14.79
2023,5,30,14.11
2023,5,31,16.8
2023,6,1,12.14
2023,6,2,13.78
2023,6,3,16.56
2023,6,4,15.34
2023,6,5,15.23
2023,6,6,17.96
2023,6,7,6.73
2023,6,8,9.45
2023,6,9,16.21
2023,6,10,16.75
2023,6,11,16.77
2023,6,12,17.02
2023,6,13,14.8
2023,6,14,16.3
2023,6,15,19.42
2023,6,16,18.91
2023,6,17,17.48
2023,6,18,16.84
2023,6,19,14.4
2023,6,20,16.0
2023,6,21,12.66
2023,6,22,18.8
2023,6,23,19.58
2023,6,24,20.6
2023,6,25,19.46
2023,6,26,19.69
2023,6,27,15.82
2023,6,28,13.96
2023,6,29,17.84
2023,6,30,19.72
2023,7,1,20.48
2023,7,2,18.85
2023,7,3,17.34
2023,7,4,20.7
2023,7,5,16.94
2023,7,6,19.52
2023,7,7,19.01
2023,7,8,20.99
2023,7,9,20.15
2023,7,10,20.5
2023,7,11,20.37
2023,7,12,16.59
2023,7,13,20.63
2023,7,14,20.78
2023,7,15,20.34
2023,7,16,20.46
2023,7,17,19.09
2023,7,18,17.57
2023,7,19,19.33
2023,7,20,20.31
2023,7,21,17.93
2023,7,22,16.41
2023,7,23,19.62
2023,7,24,19.03
2023,7,25,19.65
2023,7,26,19.82
2023,7,27,19.18
2023,7,28,19.41
2023,7,29,19.8
2023,7,30,19.75
2023,7,31,19.34
2023,8,1,19.63
2023,8,2,19.46
2023,8,3,19.38
2023,8,4,19.41
2023,8,5,19.33
2023,8,6,19.34
2023,8,7,19.02
2023,8,8,18.12
2023,8,9,14.42
2023,8,10,18.65
2023,8,11,18.64
2023,8,12,17.81
2023,8,13,18.63
2023,8,14,18.38
2023,8,15,17.61
2023,8,16,18.12
2023,8,17,17.85
2023,8,18,15.66
2023,8,19,17.7
2023,8,20,17.61
2023,8,21,17.25
2023,8,22,16.87
2023,8,23,17.31
2023,8,24,16.87
2023,8,25,15.47
2023,8,26,10.18
2023,8,27,14.87
2023,8,28,16.69
2023,8,29,15.66
2023,8,30,15.3
2023,8,31,15.98
2023,9,1,14.65
2023,9,2,5.8
2023,9,3,3.31
2023,9,4,7.86
2023,9,5,14.2
2023,9,6,12.87
2023,9,7,11.74
2023,9,8,14.16
2023,9,9,11.82
2023,9,10,13.85
2023,9,11,13.24
2023,9,12,11.85
2023,9,13,13.97
2023,9,14,11.12
2023,9,15,11.43
2023,9,16,8.92
2023,9,17,7.15
2023,9,18,9.09
2023,9,19,12.27
2023,9,20,13.02
2023,9,21,6.52
2023,9,22,12.96
2023,9,23,13.55
2023,9,24,13.41
2023,9,25,13.27
2023,9,26,12.95
2023,9,27,11.9
2023,9,28,12.7
2023,9,29,12.52
2023,9,30,12.34
2023,10,1,12.26
2023,10,2,11.55
2023,10,3,11.48
2023,10,4,11.62
2023,10,5,11.44
2023,10,6,11.34
2023,10,7,11.11
2023,10,8,10.63
2023,10,9,10.32
2023,10,10,10.77
2023,10,11,10.62
2023,10,12,10.39
2023,10,13,8.28
2023,10,14,6.84
2023,10,15,7.45
2023,10,16,7.13
2023,10,17,6.05
2023,10,18,7.28
2023,10,19,2.01
2023,10,20,6.75
2023,10,21,8.41
2023,10,22,6.49
2023,10,23,5.63
2023,10,24,6.4
2023,10,25,6.11
2023,10,26,4.66
2023,10,27,6.08
2023,10,28,5.45
2023,10,29,4.02
2023,10,30,6.7
2023,10,31,5.66
2023,11,1,3.55
2023,11,2,-999.0
2023,11,3,-999.0
2023,11,4,-999.0
2023,11,5,-999.0
2023,11,6,-999.0
2023,11,7,-999.0
2023,11,8,-999.0
2023,11,9,-999.0
2023,11,10,-999.0
2023,11,11,-999.0
2023,11,12,-999.0
2023,11,13,-999.0
2023,11,14,-999.0
2023,11,15,-999.0
2023,11,16,-999.0
2023,11,17,-999.0
2023,11,18,-999.0
2023,11,19,-999.0
2023,11,20,-999.0
2023,11,21,-999.0
2023,11,22,-999.0
2023,11,23,-999.0
2023,11,24,-999.0
2023,11,25,-999.0
2023,11,26,-999.0
2023,11,27,-999.0
2023,11,28,-999.0
2023,11,29,-999.0
2023,11,30,-999.0
2023,12,1,-999.0
2023,12,2,-999.0
2023,12,3,-999.0
2023,12,4,-999.0
2023,12,5,-999.0
2023,12,6,-999.0
2023,12,7,-999.0
2023,12,8,-999.0
2023,12,9,-999.0
2023,12,10,-999.0
2023,12,11,-999.0
2023,12,12,-999.0
2023,12,13,-999.0
2023,12,14,-999.0
2023,12,15,-999.0
2023,12,16,-999.0
2023,12,17,-999.0
2023,12,18,-999.0
2023,12,19,-999.0
2023,12,20,-999.0
2023,12,21,-999.0
2023,12,22,-999.0
2023,12,23,-999.0
2023,12,24,-999.0
2023,12,25,-999.0
2023,12,26,-999.0
2023,12,27,-999.0
2023,12,28,-999.0
2023,12,29,-999.0
2023,12,30,-999.0
2023,12,31,-999.0
2024,1,1,-999.0
2024,1,2,-999.0
2024,1,3,-999.0
2024,1,4,-999.0
2024,1,5,-999.0
2024,1,6,-999.0
2024,1,7,-999.0
2024,1,8,-999.0
2024,1,9,-999.0
2024,1,10,-999.0
2024,1,11,-999.0
2024,1,12,-999.0
2024,1,13,-999.0
2024,1,14,-999.0
2024,1,15,-999.0
2024,1,16,-999.0
2024,1,17,-999.0
2024,1,18,-999.0
2024,1,19,-999.0
2024,1,20,-999.0
2024,1,21,-999.0
2024,1,22,-999.0
2024,1,23,-999.0
2024,1,24,-999.0
2024,1,25,-999.0
2024,1,26,-999.0
2024,1,27,-999.0
2024,1,28,-999.0
2024,1,29,-999.0
2024,1,30,-999.0
2024,1,31,-999.0
